state,dt,data,fips,confirmed,suspected,cured,dead
alabama,2020-01-21,,1,,,,
alabama,2020-01-22,,1,,,,
alabama,2020-01-23,,1,,,,
alabama,2020-01-24,,1,,,,
alabama,2020-01-25,,1,,,,
alabama,2020-01-26,,1,,,,
alabama,2020-01-27,,1,,,,
alabama,2020-01-28,,1,,,,
alabama,2020-01-29,,1,,,,
alabama,2020-01-30,,1,,,,
alabama,2020-01-31,,1,,,,
alabama,2020-02-01,,1,,,,
alabama,2020-02-02,,1,,,,
alabama,2020-02-03,,1,,,,
alabama,2020-02-04,,1,,,,
alabama,2020-02-05,,1,,,,
alabama,2020-02-06,,1,,,,
alabama,2020-02-07,,1,,,,
alabama,2020-02-08,,1,,,,
alabama,2020-02-09,,1,,,,
alabama,2020-02-10,,1,,,,
alabama,2020-02-11,,1,,,,
alabama,2020-02-12,,1,,,,
alabama,2020-02-13,,1,,,,
alabama,2020-02-14,,1,,,,
alabama,2020-02-15,,1,,,,
alabama,2020-02-16,,1,,,,
alabama,2020-02-17,,1,,,,
alabama,2020-02-18,,1,,,,
alabama,2020-02-19,,1,,,,
alabama,2020-02-20,,1,,,,
alabama,2020-02-21,,1,,,,
alabama,2020-02-22,,1,,,,
alabama,2020-02-23,,1,,,,
alabama,2020-02-24,,1,,,,
alabama,2020-02-25,,1,,,,
alabama,2020-02-26,,1,,,,
alabama,2020-02-27,,1,,,,
alabama,2020-02-28,,1,,,,
alabama,2020-02-29,,1,,,,
alabama,2020-03-01,,1,,,,
alabama,2020-03-02,,1,,,,
alabama,2020-03-03,,1,,,,
alabama,2020-03-04,,1,,,,
alabama,2020-03-05,,1,,,,
alabama,2020-03-06,,1,,,,
alabama,2020-03-07,,1,,,,
alabama,2020-03-08,,1,,,,
alabama,2020-03-09,,1,,,,
alabama,2020-03-10,,1,,,,
alabama,2020-03-11,,1,,,,
alabama,2020-03-12,,1,,,,
alabama,2020-03-13,,1,,,,
alaska,2020-01-21,,2,,,,
alaska,2020-01-22,,2,,,,
alaska,2020-01-23,,2,,,,
alaska,2020-01-24,,2,,,,
alaska,2020-01-25,,2,,,,
alaska,2020-01-26,,2,,,,
alaska,2020-01-27,,2,,,,
alaska,2020-01-28,,2,,,,
alaska,2020-01-29,,2,,,,
alaska,2020-01-30,,2,,,,
alaska,2020-01-31,,2,,,,
alaska,2020-02-01,,2,,,,
alaska,2020-02-02,,2,,,,
alaska,2020-02-03,,2,,,,
alaska,2020-02-04,,2,,,,
alaska,2020-02-05,,2,,,,
alaska,2020-02-06,,2,,,,
alaska,2020-02-07,,2,,,,
alaska,2020-02-08,,2,,,,
alaska,2020-02-09,,2,,,,
alaska,2020-02-10,,2,,,,
alaska,2020-02-11,,2,,,,
alaska,2020-02-12,,2,,,,
alaska,2020-02-13,,2,,,,
alaska,2020-02-14,,2,,,,
alaska,2020-02-15,,2,,,,
alaska,2020-02-16,,2,,,,
alaska,2020-02-17,,2,,,,
alaska,2020-02-18,,2,,,,
alaska,2020-02-19,,2,,,,
alaska,2020-02-20,,2,,,,
alaska,2020-02-21,,2,,,,
alaska,2020-02-22,,2,,,,
alaska,2020-02-23,,2,,,,
alaska,2020-02-24,,2,,,,
alaska,2020-02-25,,2,,,,
alaska,2020-02-26,,2,,,,
alaska,2020-02-27,,2,,,,
alaska,2020-02-28,,2,,,,
alaska,2020-02-29,,2,,,,
alaska,2020-03-01,,2,,,,
alaska,2020-03-02,,2,,,,
alaska,2020-03-03,,2,,,,
alaska,2020-03-04,,2,,,,
alaska,2020-03-05,,2,,,,
alaska,2020-03-06,,2,,,,
alaska,2020-03-07,,2,,,,
alaska,2020-03-08,,2,,,,
alaska,2020-03-09,,2,,,,
alaska,2020-03-10,,2,,,,
alaska,2020-03-11,,2,,,,
alaska,2020-03-12,,2,,,,
alaska,2020-03-13,1-0-0-0,2,1.0,0.0,0.0,0.0
arizona,2020-01-21,,4,,,,
arizona,2020-01-22,,4,,,,
arizona,2020-01-23,,4,,,,
arizona,2020-01-24,,4,,,,
arizona,2020-01-25,,4,,,,
arizona,2020-01-26,1-0-0-0,4,1.0,0.0,0.0,0.0
arizona,2020-01-27,1-0-0-0,4,1.0,0.0,0.0,0.0
arizona,2020-01-28,1-0-0-0,4,1.0,0.0,0.0,0.0
arizona,2020-01-29,1-0-0-0,4,1.0,0.0,0.0,0.0
arizona,2020-01-30,1-0-0-0,4,1.0,0.0,0.0,0.0
arizona,2020-01-31,1-0-0-0,4,1.0,0.0,0.0,0.0
arizona,2020-02-01,1-0-0-0,4,1.0,0.0,0.0,0.0
arizona,2020-02-02,1-0-0-0,4,1.0,0.0,0.0,0.0
arizona,2020-02-03,1-0-0-0,4,1.0,0.0,0.0,0.0
arizona,2020-02-04,1-0-0-0,4,1.0,0.0,0.0,0.0
arizona,2020-02-05,1-0-0-0,4,1.0,0.0,0.0,0.0
arizona,2020-02-06,1-0-0-0,4,1.0,0.0,0.0,0.0
arizona,2020-02-07,1-0-0-0,4,1.0,0.0,0.0,0.0
arizona,2020-02-08,1-0-1-0,4,1.0,0.0,1.0,0.0
arizona,2020-02-09,1-0-1-0,4,1.0,0.0,1.0,0.0
arizona,2020-02-10,1-0-1-0,4,1.0,0.0,1.0,0.0
arizona,2020-02-11,1-0-1-0,4,1.0,0.0,1.0,0.0
arizona,2020-02-12,1-0-1-0,4,1.0,0.0,1.0,0.0
arizona,2020-02-13,1-0-1-0,4,1.0,0.0,1.0,0.0
arizona,2020-02-14,1-0-1-0,4,1.0,0.0,1.0,0.0
arizona,2020-02-15,1-0-1-0,4,1.0,0.0,1.0,0.0
arizona,2020-02-16,1-0-1-0,4,1.0,0.0,1.0,0.0
arizona,2020-02-17,1-0-1-0,4,1.0,0.0,1.0,0.0
arizona,2020-02-18,1-0-1-0,4,1.0,0.0,1.0,0.0
arizona,2020-02-19,1-0-1-0,4,1.0,0.0,1.0,0.0
arizona,2020-02-20,1-0-1-0,4,1.0,0.0,1.0,0.0
arizona,2020-02-21,1-0-1-0,4,1.0,0.0,1.0,0.0
arizona,2020-02-22,1-0-1-0,4,1.0,0.0,1.0,0.0
arizona,2020-02-23,1-0-1-0,4,1.0,0.0,1.0,0.0
arizona,2020-02-24,1-0-1-0,4,1.0,0.0,1.0,0.0
arizona,2020-02-25,1-0-1-0,4,1.0,0.0,1.0,0.0
arizona,2020-02-26,1-0-1-0,4,1.0,0.0,1.0,0.0
arizona,2020-02-27,1-0-1-0,4,1.0,0.0,1.0,0.0
arizona,2020-02-28,1-0-1-0,4,1.0,0.0,1.0,0.0
arizona,2020-02-29,1-0-1-0,4,1.0,0.0,1.0,0.0
arizona,2020-03-01,1-0-1-0,4,1.0,0.0,1.0,0.0
arizona,2020-03-02,1-0-1-0,4,1.0,0.0,1.0,0.0
arizona,2020-03-03,1-0-1-0,4,1.0,0.0,1.0,0.0
arizona,2020-03-04,2-0-1-0,4,2.0,0.0,1.0,0.0
arizona,2020-03-05,2-0-1-0,4,2.0,0.0,1.0,0.0
arizona,2020-03-06,2-0-1-0,4,2.0,0.0,1.0,0.0
arizona,2020-03-07,3-0-1-0,4,3.0,0.0,1.0,0.0
arizona,2020-03-08,5-0-1-0,4,5.0,0.0,1.0,0.0
arizona,2020-03-09,5-0-1-0,4,5.0,0.0,1.0,0.0
arizona,2020-03-10,5-0-1-0,4,5.0,0.0,1.0,0.0
arizona,2020-03-11,6-0-1-0,4,6.0,0.0,1.0,0.0
arizona,2020-03-12,9-0-1-0,4,9.0,0.0,1.0,0.0
arizona,2020-03-13,9-0-1-0,4,9.0,0.0,1.0,0.0
arkansas,2020-01-21,,5,,,,
arkansas,2020-01-22,,5,,,,
arkansas,2020-01-23,,5,,,,
arkansas,2020-01-24,,5,,,,
arkansas,2020-01-25,,5,,,,
arkansas,2020-01-26,,5,,,,
arkansas,2020-01-27,,5,,,,
arkansas,2020-01-28,,5,,,,
arkansas,2020-01-29,,5,,,,
arkansas,2020-01-30,,5,,,,
arkansas,2020-01-31,,5,,,,
arkansas,2020-02-01,,5,,,,
arkansas,2020-02-02,,5,,,,
arkansas,2020-02-03,,5,,,,
arkansas,2020-02-04,,5,,,,
arkansas,2020-02-05,,5,,,,
arkansas,2020-02-06,,5,,,,
arkansas,2020-02-07,,5,,,,
arkansas,2020-02-08,,5,,,,
arkansas,2020-02-09,,5,,,,
arkansas,2020-02-10,,5,,,,
arkansas,2020-02-11,,5,,,,
arkansas,2020-02-12,,5,,,,
arkansas,2020-02-13,,5,,,,
arkansas,2020-02-14,,5,,,,
arkansas,2020-02-15,,5,,,,
arkansas,2020-02-16,,5,,,,
arkansas,2020-02-17,,5,,,,
arkansas,2020-02-18,,5,,,,
arkansas,2020-02-19,,5,,,,
arkansas,2020-02-20,,5,,,,
arkansas,2020-02-21,,5,,,,
arkansas,2020-02-22,,5,,,,
arkansas,2020-02-23,,5,,,,
arkansas,2020-02-24,,5,,,,
arkansas,2020-02-25,,5,,,,
arkansas,2020-02-26,,5,,,,
arkansas,2020-02-27,,5,,,,
arkansas,2020-02-28,,5,,,,
arkansas,2020-02-29,,5,,,,
arkansas,2020-03-01,,5,,,,
arkansas,2020-03-02,,5,,,,
arkansas,2020-03-03,,5,,,,
arkansas,2020-03-04,,5,,,,
arkansas,2020-03-05,,5,,,,
arkansas,2020-03-06,,5,,,,
arkansas,2020-03-07,,5,,,,
arkansas,2020-03-08,,5,,,,
arkansas,2020-03-09,,5,,,,
arkansas,2020-03-10,,5,,,,
arkansas,2020-03-11,,5,,,,
arkansas,2020-03-12,1-0-0-0,5,1.0,0.0,0.0,0.0
arkansas,2020-03-13,6-0-0-0,5,6.0,0.0,0.0,0.0
california,2020-01-21,,6,,,,
california,2020-01-22,,6,,,,
california,2020-01-23,2-0-0-0,6,2.0,0.0,0.0,0.0
california,2020-01-24,2-0-0-0,6,2.0,0.0,0.0,0.0
california,2020-01-25,2-0-0-0,6,2.0,0.0,0.0,0.0
california,2020-01-26,2-0-0-0,6,2.0,0.0,0.0,0.0
california,2020-01-27,2-0-0-0,6,2.0,0.0,0.0,0.0
california,2020-01-28,2-0-0-0,6,2.0,0.0,0.0,0.0
california,2020-01-29,2-0-0-0,6,2.0,0.0,0.0,0.0
california,2020-01-30,5-0-0-0,6,5.0,0.0,0.0,0.0
california,2020-01-31,5-0-0-0,6,5.0,0.0,0.0,0.0
california,2020-02-01,5-0-0-0,6,5.0,0.0,0.0,0.0
california,2020-02-02,5-0-0-0,6,5.0,0.0,0.0,0.0
california,2020-02-03,6-0-0-0,6,6.0,0.0,0.0,0.0
california,2020-02-04,6-0-0-0,6,6.0,0.0,0.0,0.0
california,2020-02-05,6-0-0-0,6,6.0,0.0,0.0,0.0
california,2020-02-06,6-0-0-0,6,6.0,0.0,0.0,0.0
california,2020-02-07,6-0-0-0,6,6.0,0.0,0.0,0.0
california,2020-02-08,6-0-0-0,6,6.0,0.0,0.0,0.0
california,2020-02-09,6-0-0-0,6,6.0,0.0,0.0,0.0
california,2020-02-10,7-0-0-0,6,7.0,0.0,0.0,0.0
california,2020-02-11,7-0-0-0,6,7.0,0.0,0.0,0.0
california,2020-02-12,7-0-0-0,6,7.0,0.0,0.0,0.0
california,2020-02-13,8-0-0-0,6,8.0,0.0,0.0,0.0
california,2020-02-14,8-0-0-0,6,8.0,0.0,0.0,0.0
california,2020-02-15,8-0-0-0,6,8.0,0.0,0.0,0.0
california,2020-02-16,8-0-0-0,6,8.0,0.0,0.0,0.0
california,2020-02-17,8-0-0-0,6,8.0,0.0,0.0,0.0
california,2020-02-18,8-0-0-0,6,8.0,0.0,0.0,0.0
california,2020-02-19,8-0-0-0,6,8.0,0.0,0.0,0.0
california,2020-02-20,8-0-0-0,6,8.0,0.0,0.0,0.0
california,2020-02-21,9-0-0-0,6,9.0,0.0,0.0,0.0
california,2020-02-22,10-0-0-0,6,10.0,0.0,0.0,0.0
california,2020-02-23,10-0-0-0,6,10.0,0.0,0.0,0.0
california,2020-02-24,10-0-0-0,6,10.0,0.0,0.0,0.0
california,2020-02-25,10-0-0-0,6,10.0,0.0,0.0,0.0
california,2020-02-26,10-0-0-0,6,10.0,0.0,0.0,0.0
california,2020-02-27,9-0-0-0,6,9.0,0.0,0.0,0.0
california,2020-02-28,9-0-0-0,6,9.0,0.0,0.0,0.0
california,2020-02-29,10-0-0-0,6,10.0,0.0,0.0,0.0
california,2020-03-01,10-0-0-0,6,10.0,0.0,0.0,0.0
california,2020-03-02,10-0-0-0,6,10.0,0.0,0.0,0.0
california,2020-03-03,21-0-2-0,6,21.0,0.0,2.0,0.0
california,2020-03-04,24-0-2-0,6,24.0,0.0,2.0,0.0
california,2020-03-05,24-0-2-0,6,24.0,0.0,2.0,0.0
california,2020-03-06,63-0-6-1,6,63.0,0.0,6.0,1.0
california,2020-03-07,79-0-6-1,6,79.0,0.0,6.0,1.0
california,2020-03-08,102-0-6-1,6,102.0,0.0,6.0,1.0
california,2020-03-09,114-0-6-1,6,114.0,0.0,6.0,1.0
california,2020-03-10,114-0-6-2,6,114.0,0.0,6.0,2.0
california,2020-03-11,159-0-6-3,6,159.0,0.0,6.0,3.0
california,2020-03-12,166-0-6-4,6,166.0,0.0,6.0,4.0
california,2020-03-13,198-0-6-4,6,198.0,0.0,6.0,4.0
colorado,2020-01-21,,8,,,,
colorado,2020-01-22,,8,,,,
colorado,2020-01-23,,8,,,,
colorado,2020-01-24,,8,,,,
colorado,2020-01-25,,8,,,,
colorado,2020-01-26,,8,,,,
colorado,2020-01-27,,8,,,,
colorado,2020-01-28,,8,,,,
colorado,2020-01-29,,8,,,,
colorado,2020-01-30,,8,,,,
colorado,2020-01-31,,8,,,,
colorado,2020-02-01,,8,,,,
colorado,2020-02-02,,8,,,,
colorado,2020-02-03,,8,,,,
colorado,2020-02-04,,8,,,,
colorado,2020-02-05,,8,,,,
colorado,2020-02-06,,8,,,,
colorado,2020-02-07,,8,,,,
colorado,2020-02-08,,8,,,,
colorado,2020-02-09,,8,,,,
colorado,2020-02-10,,8,,,,
colorado,2020-02-11,,8,,,,
colorado,2020-02-12,,8,,,,
colorado,2020-02-13,,8,,,,
colorado,2020-02-14,,8,,,,
colorado,2020-02-15,,8,,,,
colorado,2020-02-16,,8,,,,
colorado,2020-02-17,,8,,,,
colorado,2020-02-18,,8,,,,
colorado,2020-02-19,,8,,,,
colorado,2020-02-20,,8,,,,
colorado,2020-02-21,,8,,,,
colorado,2020-02-22,,8,,,,
colorado,2020-02-23,,8,,,,
colorado,2020-02-24,,8,,,,
colorado,2020-02-25,,8,,,,
colorado,2020-02-26,,8,,,,
colorado,2020-02-27,,8,,,,
colorado,2020-02-28,,8,,,,
colorado,2020-02-29,,8,,,,
colorado,2020-03-01,,8,,,,
colorado,2020-03-02,,8,,,,
colorado,2020-03-03,,8,,,,
colorado,2020-03-04,,8,,,,
colorado,2020-03-05,,8,,,,
colorado,2020-03-06,,8,,,,
colorado,2020-03-07,2-0-0-0,8,2.0,0.0,0.0,0.0
colorado,2020-03-08,8-0-0-0,8,8.0,0.0,0.0,0.0
colorado,2020-03-09,8-0-0-0,8,8.0,0.0,0.0,0.0
colorado,2020-03-10,11-0-0-0,8,11.0,0.0,0.0,0.0
colorado,2020-03-11,17-0-0-0,8,17.0,0.0,0.0,0.0
colorado,2020-03-12,33-0-0-0,8,33.0,0.0,0.0,0.0
colorado,2020-03-13,49-0-0-0,8,49.0,0.0,0.0,0.0
connecticut,2020-01-21,,9,,,,
connecticut,2020-01-22,,9,,,,
connecticut,2020-01-23,,9,,,,
connecticut,2020-01-24,,9,,,,
connecticut,2020-01-25,,9,,,,
connecticut,2020-01-26,,9,,,,
connecticut,2020-01-27,,9,,,,
connecticut,2020-01-28,,9,,,,
connecticut,2020-01-29,,9,,,,
connecticut,2020-01-30,,9,,,,
connecticut,2020-01-31,,9,,,,
connecticut,2020-02-01,,9,,,,
connecticut,2020-02-02,,9,,,,
connecticut,2020-02-03,,9,,,,
connecticut,2020-02-04,,9,,,,
connecticut,2020-02-05,,9,,,,
connecticut,2020-02-06,,9,,,,
connecticut,2020-02-07,,9,,,,
connecticut,2020-02-08,,9,,,,
connecticut,2020-02-09,,9,,,,
connecticut,2020-02-10,,9,,,,
connecticut,2020-02-11,,9,,,,
connecticut,2020-02-12,,9,,,,
connecticut,2020-02-13,,9,,,,
connecticut,2020-02-14,,9,,,,
connecticut,2020-02-15,,9,,,,
connecticut,2020-02-16,,9,,,,
connecticut,2020-02-17,,9,,,,
connecticut,2020-02-18,,9,,,,
connecticut,2020-02-19,,9,,,,
connecticut,2020-02-20,,9,,,,
connecticut,2020-02-21,,9,,,,
connecticut,2020-02-22,,9,,,,
connecticut,2020-02-23,,9,,,,
connecticut,2020-02-24,,9,,,,
connecticut,2020-02-25,,9,,,,
connecticut,2020-02-26,,9,,,,
connecticut,2020-02-27,,9,,,,
connecticut,2020-02-28,,9,,,,
connecticut,2020-02-29,,9,,,,
connecticut,2020-03-01,,9,,,,
connecticut,2020-03-02,,9,,,,
connecticut,2020-03-03,,9,,,,
connecticut,2020-03-04,,9,,,,
connecticut,2020-03-05,,9,,,,
connecticut,2020-03-06,,9,,,,
connecticut,2020-03-07,,9,,,,
connecticut,2020-03-08,,9,,,,
connecticut,2020-03-09,1-0-0-0,9,1.0,0.0,0.0,0.0
connecticut,2020-03-10,2-0-0-0,9,2.0,0.0,0.0,0.0
connecticut,2020-03-11,2-0-0-0,9,2.0,0.0,0.0,0.0
connecticut,2020-03-12,3-0-0-0,9,3.0,0.0,0.0,0.0
connecticut,2020-03-13,6-0-0-0,9,6.0,0.0,0.0,0.0
delaware,2020-01-21,,10,,,,
delaware,2020-01-22,,10,,,,
delaware,2020-01-23,,10,,,,
delaware,2020-01-24,,10,,,,
delaware,2020-01-25,,10,,,,
delaware,2020-01-26,,10,,,,
delaware,2020-01-27,,10,,,,
delaware,2020-01-28,,10,,,,
delaware,2020-01-29,,10,,,,
delaware,2020-01-30,,10,,,,
delaware,2020-01-31,,10,,,,
delaware,2020-02-01,,10,,,,
delaware,2020-02-02,,10,,,,
delaware,2020-02-03,,10,,,,
delaware,2020-02-04,,10,,,,
delaware,2020-02-05,,10,,,,
delaware,2020-02-06,,10,,,,
delaware,2020-02-07,,10,,,,
delaware,2020-02-08,,10,,,,
delaware,2020-02-09,,10,,,,
delaware,2020-02-10,,10,,,,
delaware,2020-02-11,,10,,,,
delaware,2020-02-12,,10,,,,
delaware,2020-02-13,,10,,,,
delaware,2020-02-14,,10,,,,
delaware,2020-02-15,,10,,,,
delaware,2020-02-16,,10,,,,
delaware,2020-02-17,,10,,,,
delaware,2020-02-18,,10,,,,
delaware,2020-02-19,,10,,,,
delaware,2020-02-20,,10,,,,
delaware,2020-02-21,,10,,,,
delaware,2020-02-22,,10,,,,
delaware,2020-02-23,,10,,,,
delaware,2020-02-24,,10,,,,
delaware,2020-02-25,,10,,,,
delaware,2020-02-26,,10,,,,
delaware,2020-02-27,,10,,,,
delaware,2020-02-28,,10,,,,
delaware,2020-02-29,,10,,,,
delaware,2020-03-01,,10,,,,
delaware,2020-03-02,,10,,,,
delaware,2020-03-03,,10,,,,
delaware,2020-03-04,,10,,,,
delaware,2020-03-05,,10,,,,
delaware,2020-03-06,,10,,,,
delaware,2020-03-07,,10,,,,
delaware,2020-03-08,,10,,,,
delaware,2020-03-09,,10,,,,
delaware,2020-03-10,,10,,,,
delaware,2020-03-11,,10,,,,
delaware,2020-03-12,1-0-0-0,10,1.0,0.0,0.0,0.0
delaware,2020-03-13,4-0-0-0,10,4.0,0.0,0.0,0.0
district of columbia,2020-01-21,,11,,,,
district of columbia,2020-01-22,,11,,,,
district of columbia,2020-01-23,,11,,,,
district of columbia,2020-01-24,,11,,,,
district of columbia,2020-01-25,,11,,,,
district of columbia,2020-01-26,,11,,,,
district of columbia,2020-01-27,,11,,,,
district of columbia,2020-01-28,,11,,,,
district of columbia,2020-01-29,,11,,,,
district of columbia,2020-01-30,,11,,,,
district of columbia,2020-01-31,,11,,,,
district of columbia,2020-02-01,,11,,,,
district of columbia,2020-02-02,,11,,,,
district of columbia,2020-02-03,,11,,,,
district of columbia,2020-02-04,,11,,,,
district of columbia,2020-02-05,,11,,,,
district of columbia,2020-02-06,,11,,,,
district of columbia,2020-02-07,,11,,,,
district of columbia,2020-02-08,,11,,,,
district of columbia,2020-02-09,,11,,,,
district of columbia,2020-02-10,,11,,,,
district of columbia,2020-02-11,,11,,,,
district of columbia,2020-02-12,,11,,,,
district of columbia,2020-02-13,,11,,,,
district of columbia,2020-02-14,,11,,,,
district of columbia,2020-02-15,,11,,,,
district of columbia,2020-02-16,,11,,,,
district of columbia,2020-02-17,,11,,,,
district of columbia,2020-02-18,,11,,,,
district of columbia,2020-02-19,,11,,,,
district of columbia,2020-02-20,,11,,,,
district of columbia,2020-02-21,,11,,,,
district of columbia,2020-02-22,,11,,,,
district of columbia,2020-02-23,,11,,,,
district of columbia,2020-02-24,,11,,,,
district of columbia,2020-02-25,,11,,,,
district of columbia,2020-02-26,,11,,,,
district of columbia,2020-02-27,,11,,,,
district of columbia,2020-02-28,,11,,,,
district of columbia,2020-02-29,,11,,,,
district of columbia,2020-03-01,,11,,,,
district of columbia,2020-03-02,,11,,,,
district of columbia,2020-03-03,,11,,,,
district of columbia,2020-03-04,1-0-0-0,11,1.0,0.0,0.0,0.0
district of columbia,2020-03-05,1-0-0-0,11,1.0,0.0,0.0,0.0
district of columbia,2020-03-06,1-0-0-0,11,1.0,0.0,0.0,0.0
district of columbia,2020-03-07,1-0-0-0,11,1.0,0.0,0.0,0.0
district of columbia,2020-03-08,1-0-0-0,11,1.0,0.0,0.0,0.0
district of columbia,2020-03-09,1-0-0-0,11,1.0,0.0,0.0,0.0
district of columbia,2020-03-10,1-0-0-0,11,1.0,0.0,0.0,0.0
district of columbia,2020-03-11,5-0-0-0,11,5.0,0.0,0.0,0.0
district of columbia,2020-03-12,5-0-0-0,11,5.0,0.0,0.0,0.0
district of columbia,2020-03-13,11-0-0-0,11,11.0,0.0,0.0,0.0
florida,2020-01-21,,12,,,,
florida,2020-01-22,,12,,,,
florida,2020-01-23,,12,,,,
florida,2020-01-24,,12,,,,
florida,2020-01-25,,12,,,,
florida,2020-01-26,,12,,,,
florida,2020-01-27,,12,,,,
florida,2020-01-28,,12,,,,
florida,2020-01-29,,12,,,,
florida,2020-01-30,,12,,,,
florida,2020-01-31,,12,,,,
florida,2020-02-01,,12,,,,
florida,2020-02-02,,12,,,,
florida,2020-02-03,,12,,,,
florida,2020-02-04,,12,,,,
florida,2020-02-05,,12,,,,
florida,2020-02-06,,12,,,,
florida,2020-02-07,,12,,,,
florida,2020-02-08,,12,,,,
florida,2020-02-09,,12,,,,
florida,2020-02-10,,12,,,,
florida,2020-02-11,,12,,,,
florida,2020-02-12,,12,,,,
florida,2020-02-13,,12,,,,
florida,2020-02-14,,12,,,,
florida,2020-02-15,,12,,,,
florida,2020-02-16,,12,,,,
florida,2020-02-17,,12,,,,
florida,2020-02-18,,12,,,,
florida,2020-02-19,,12,,,,
florida,2020-02-20,,12,,,,
florida,2020-02-21,,12,,,,
florida,2020-02-22,,12,,,,
florida,2020-02-23,,12,,,,
florida,2020-02-24,,12,,,,
florida,2020-02-25,,12,,,,
florida,2020-02-26,,12,,,,
florida,2020-02-27,,12,,,,
florida,2020-02-28,,12,,,,
florida,2020-02-29,,12,,,,
florida,2020-03-01,,12,,,,
florida,2020-03-02,2-0-0-0,12,2.0,0.0,0.0,0.0
florida,2020-03-03,2-0-0-0,12,2.0,0.0,0.0,0.0
florida,2020-03-04,2-0-0-0,12,2.0,0.0,0.0,0.0
florida,2020-03-05,2-0-0-0,12,2.0,0.0,0.0,0.0
florida,2020-03-06,4-0-0-0,12,4.0,0.0,0.0,0.0
florida,2020-03-07,4-0-0-0,12,4.0,0.0,0.0,0.0
florida,2020-03-08,10-0-0-2,12,10.0,0.0,0.0,2.0
florida,2020-03-09,13-0-0-2,12,13.0,0.0,0.0,2.0
florida,2020-03-10,13-0-0-2,12,13.0,0.0,0.0,2.0
florida,2020-03-11,23-0-0-2,12,23.0,0.0,0.0,2.0
florida,2020-03-12,23-0-0-2,12,23.0,0.0,0.0,2.0
florida,2020-03-13,45-0-0-2,12,45.0,0.0,0.0,2.0
georgia,2020-01-21,,13,,,,
georgia,2020-01-22,,13,,,,
georgia,2020-01-23,,13,,,,
georgia,2020-01-24,,13,,,,
georgia,2020-01-25,,13,,,,
georgia,2020-01-26,,13,,,,
georgia,2020-01-27,,13,,,,
georgia,2020-01-28,,13,,,,
georgia,2020-01-29,,13,,,,
georgia,2020-01-30,,13,,,,
georgia,2020-01-31,,13,,,,
georgia,2020-02-01,,13,,,,
georgia,2020-02-02,,13,,,,
georgia,2020-02-03,,13,,,,
georgia,2020-02-04,,13,,,,
georgia,2020-02-05,,13,,,,
georgia,2020-02-06,,13,,,,
georgia,2020-02-07,,13,,,,
georgia,2020-02-08,,13,,,,
georgia,2020-02-09,,13,,,,
georgia,2020-02-10,,13,,,,
georgia,2020-02-11,,13,,,,
georgia,2020-02-12,,13,,,,
georgia,2020-02-13,,13,,,,
georgia,2020-02-14,,13,,,,
georgia,2020-02-15,,13,,,,
georgia,2020-02-16,,13,,,,
georgia,2020-02-17,,13,,,,
georgia,2020-02-18,,13,,,,
georgia,2020-02-19,,13,,,,
georgia,2020-02-20,,13,,,,
georgia,2020-02-21,,13,,,,
georgia,2020-02-22,,13,,,,
georgia,2020-02-23,,13,,,,
georgia,2020-02-24,,13,,,,
georgia,2020-02-25,,13,,,,
georgia,2020-02-26,,13,,,,
georgia,2020-02-27,,13,,,,
georgia,2020-02-28,1-0-0-0,13,1.0,0.0,0.0,0.0
georgia,2020-02-29,3-0-0-0,13,3.0,0.0,0.0,0.0
georgia,2020-03-01,3-0-0-0,13,3.0,0.0,0.0,0.0
georgia,2020-03-02,3-0-0-0,13,3.0,0.0,0.0,0.0
georgia,2020-03-03,3-0-0-0,13,3.0,0.0,0.0,0.0
georgia,2020-03-04,3-0-0-0,13,3.0,0.0,0.0,0.0
georgia,2020-03-05,3-0-0-0,13,3.0,0.0,0.0,0.0
georgia,2020-03-06,3-0-0-0,13,3.0,0.0,0.0,0.0
georgia,2020-03-07,9-0-0-0,13,9.0,0.0,0.0,0.0
georgia,2020-03-08,13-0-0-0,13,13.0,0.0,0.0,0.0
georgia,2020-03-09,15-0-0-0,13,15.0,0.0,0.0,0.0
georgia,2020-03-10,15-0-0-0,13,15.0,0.0,0.0,0.0
georgia,2020-03-11,23-0-0-0,13,23.0,0.0,0.0,0.0
georgia,2020-03-12,24-0-0-0,13,24.0,0.0,0.0,0.0
georgia,2020-03-13,25-0-0-0,13,25.0,0.0,0.0,0.0
hawaii,2020-01-21,,15,,,,
hawaii,2020-01-22,,15,,,,
hawaii,2020-01-23,,15,,,,
hawaii,2020-01-24,,15,,,,
hawaii,2020-01-25,,15,,,,
hawaii,2020-01-26,,15,,,,
hawaii,2020-01-27,,15,,,,
hawaii,2020-01-28,,15,,,,
hawaii,2020-01-29,,15,,,,
hawaii,2020-01-30,,15,,,,
hawaii,2020-01-31,,15,,,,
hawaii,2020-02-01,,15,,,,
hawaii,2020-02-02,,15,,,,
hawaii,2020-02-03,,15,,,,
hawaii,2020-02-04,,15,,,,
hawaii,2020-02-05,,15,,,,
hawaii,2020-02-06,,15,,,,
hawaii,2020-02-07,,15,,,,
hawaii,2020-02-08,,15,,,,
hawaii,2020-02-09,,15,,,,
hawaii,2020-02-10,,15,,,,
hawaii,2020-02-11,,15,,,,
hawaii,2020-02-12,,15,,,,
hawaii,2020-02-13,,15,,,,
hawaii,2020-02-14,,15,,,,
hawaii,2020-02-15,,15,,,,
hawaii,2020-02-16,,15,,,,
hawaii,2020-02-17,,15,,,,
hawaii,2020-02-18,,15,,,,
hawaii,2020-02-19,,15,,,,
hawaii,2020-02-20,,15,,,,
hawaii,2020-02-21,,15,,,,
hawaii,2020-02-22,,15,,,,
hawaii,2020-02-23,,15,,,,
hawaii,2020-02-24,,15,,,,
hawaii,2020-02-25,,15,,,,
hawaii,2020-02-26,,15,,,,
hawaii,2020-02-27,,15,,,,
hawaii,2020-02-28,,15,,,,
hawaii,2020-02-29,,15,,,,
hawaii,2020-03-01,,15,,,,
hawaii,2020-03-02,,15,,,,
hawaii,2020-03-03,,15,,,,
hawaii,2020-03-04,,15,,,,
hawaii,2020-03-05,,15,,,,
hawaii,2020-03-06,,15,,,,
hawaii,2020-03-07,,15,,,,
hawaii,2020-03-08,1-0-0-0,15,1.0,0.0,0.0,0.0
hawaii,2020-03-09,2-0-0-0,15,2.0,0.0,0.0,0.0
hawaii,2020-03-10,2-0-0-0,15,2.0,0.0,0.0,0.0
hawaii,2020-03-11,2-0-0-0,15,2.0,0.0,0.0,0.0
hawaii,2020-03-12,2-0-0-0,15,2.0,0.0,0.0,0.0
hawaii,2020-03-13,2-0-0-0,15,2.0,0.0,0.0,0.0
idaho,2020-01-21,,16,,,,
idaho,2020-01-22,,16,,,,
idaho,2020-01-23,,16,,,,
idaho,2020-01-24,,16,,,,
idaho,2020-01-25,,16,,,,
idaho,2020-01-26,,16,,,,
idaho,2020-01-27,,16,,,,
idaho,2020-01-28,,16,,,,
idaho,2020-01-29,,16,,,,
idaho,2020-01-30,,16,,,,
idaho,2020-01-31,,16,,,,
idaho,2020-02-01,,16,,,,
idaho,2020-02-02,,16,,,,
idaho,2020-02-03,,16,,,,
idaho,2020-02-04,,16,,,,
idaho,2020-02-05,,16,,,,
idaho,2020-02-06,,16,,,,
idaho,2020-02-07,,16,,,,
idaho,2020-02-08,,16,,,,
idaho,2020-02-09,,16,,,,
idaho,2020-02-10,,16,,,,
idaho,2020-02-11,,16,,,,
idaho,2020-02-12,,16,,,,
idaho,2020-02-13,,16,,,,
idaho,2020-02-14,,16,,,,
idaho,2020-02-15,,16,,,,
idaho,2020-02-16,,16,,,,
idaho,2020-02-17,,16,,,,
idaho,2020-02-18,,16,,,,
idaho,2020-02-19,,16,,,,
idaho,2020-02-20,,16,,,,
idaho,2020-02-21,,16,,,,
idaho,2020-02-22,,16,,,,
idaho,2020-02-23,,16,,,,
idaho,2020-02-24,,16,,,,
idaho,2020-02-25,,16,,,,
idaho,2020-02-26,,16,,,,
idaho,2020-02-27,,16,,,,
idaho,2020-02-28,,16,,,,
idaho,2020-02-29,,16,,,,
idaho,2020-03-01,,16,,,,
idaho,2020-03-02,,16,,,,
idaho,2020-03-03,,16,,,,
idaho,2020-03-04,,16,,,,
idaho,2020-03-05,,16,,,,
idaho,2020-03-06,,16,,,,
idaho,2020-03-07,,16,,,,
idaho,2020-03-08,,16,,,,
idaho,2020-03-09,,16,,,,
idaho,2020-03-10,,16,,,,
idaho,2020-03-11,,16,,,,
idaho,2020-03-12,,16,,,,
idaho,2020-03-13,,16,,,,
illinois,2020-01-21,,17,,,,
illinois,2020-01-22,,17,,,,
illinois,2020-01-23,,17,,,,
illinois,2020-01-24,1,17,1.0,,,
illinois,2020-01-25,1,17,1.0,,,
illinois,2020-01-26,1,17,1.0,,,
illinois,2020-01-27,1,17,1.0,,,
illinois,2020-01-28,1-0-0-0,17,1.0,0.0,0.0,0.0
illinois,2020-01-29,1-0-0-0,17,1.0,0.0,0.0,0.0
illinois,2020-01-30,1-0-0-0,17,1.0,0.0,0.0,0.0
illinois,2020-01-31,1-0-0-0,17,1.0,0.0,0.0,0.0
illinois,2020-02-01,1-0-0-0,17,1.0,0.0,0.0,0.0
illinois,2020-02-02,2-0-0-0,17,2.0,0.0,0.0,0.0
illinois,2020-02-03,2-0-0-0,17,2.0,0.0,0.0,0.0
illinois,2020-02-04,2-0-0-0,17,2.0,0.0,0.0,0.0
illinois,2020-02-05,2-0-0-0,17,2.0,0.0,0.0,0.0
illinois,2020-02-06,2-0-0-0,17,2.0,0.0,0.0,0.0
illinois,2020-02-07,2-0-0-0,17,2.0,0.0,0.0,0.0
illinois,2020-02-08,2-0-2-0,17,2.0,0.0,2.0,0.0
illinois,2020-02-09,2-0-2-0,17,2.0,0.0,2.0,0.0
illinois,2020-02-10,2-0-2-0,17,2.0,0.0,2.0,0.0
illinois,2020-02-11,2-0-2-0,17,2.0,0.0,2.0,0.0
illinois,2020-02-12,2-0-2-0,17,2.0,0.0,2.0,0.0
illinois,2020-02-13,2-0-2-0,17,2.0,0.0,2.0,0.0
illinois,2020-02-14,2-0-2-0,17,2.0,0.0,2.0,0.0
illinois,2020-02-15,2-0-2-0,17,2.0,0.0,2.0,0.0
illinois,2020-02-16,2-0-2-0,17,2.0,0.0,2.0,0.0
illinois,2020-02-17,2-0-2-0,17,2.0,0.0,2.0,0.0
illinois,2020-02-18,2-0-2-0,17,2.0,0.0,2.0,0.0
illinois,2020-02-19,2-0-2-0,17,2.0,0.0,2.0,0.0
illinois,2020-02-20,2-0-2-0,17,2.0,0.0,2.0,0.0
illinois,2020-02-21,2-0-2-0,17,2.0,0.0,2.0,0.0
illinois,2020-02-22,2-0-2-0,17,2.0,0.0,2.0,0.0
illinois,2020-02-23,2-0-2-0,17,2.0,0.0,2.0,0.0
illinois,2020-02-24,2-0-2-0,17,2.0,0.0,2.0,0.0
illinois,2020-02-25,2-0-2-0,17,2.0,0.0,2.0,0.0
illinois,2020-02-26,2-0-2-0,17,2.0,0.0,2.0,0.0
illinois,2020-02-27,2-0-2-0,17,2.0,0.0,2.0,0.0
illinois,2020-02-28,2-0-2-0,17,2.0,0.0,2.0,0.0
illinois,2020-02-29,2-0-2-0,17,2.0,0.0,2.0,0.0
illinois,2020-03-01,2-0-2-0,17,2.0,0.0,2.0,0.0
illinois,2020-03-02,3-0-2-0,17,3.0,0.0,2.0,0.0
illinois,2020-03-03,4-0-2-0,17,4.0,0.0,2.0,0.0
illinois,2020-03-04,4-0-2-0,17,4.0,0.0,2.0,0.0
illinois,2020-03-05,4-0-2-0,17,4.0,0.0,2.0,0.0
illinois,2020-03-06,5-0-2-0,17,5.0,0.0,2.0,0.0
illinois,2020-03-07,5-0-2-0,17,5.0,0.0,2.0,0.0
illinois,2020-03-08,6-0-2-0,17,6.0,0.0,2.0,0.0
illinois,2020-03-09,7-0-2-0,17,7.0,0.0,2.0,0.0
illinois,2020-03-10,11-0-2-0,17,11.0,0.0,2.0,0.0
illinois,2020-03-11,19-0-2-0,17,19.0,0.0,2.0,0.0
illinois,2020-03-12,25-0-2-0,17,25.0,0.0,2.0,0.0
illinois,2020-03-13,32-0-2-0,17,32.0,0.0,2.0,0.0
indiana,2020-01-21,,18,,,,
indiana,2020-01-22,,18,,,,
indiana,2020-01-23,,18,,,,
indiana,2020-01-24,,18,,,,
indiana,2020-01-25,,18,,,,
indiana,2020-01-26,,18,,,,
indiana,2020-01-27,,18,,,,
indiana,2020-01-28,,18,,,,
indiana,2020-01-29,,18,,,,
indiana,2020-01-30,,18,,,,
indiana,2020-01-31,,18,,,,
indiana,2020-02-01,,18,,,,
indiana,2020-02-02,,18,,,,
indiana,2020-02-03,,18,,,,
indiana,2020-02-04,,18,,,,
indiana,2020-02-05,,18,,,,
indiana,2020-02-06,,18,,,,
indiana,2020-02-07,,18,,,,
indiana,2020-02-08,,18,,,,
indiana,2020-02-09,,18,,,,
indiana,2020-02-10,,18,,,,
indiana,2020-02-11,,18,,,,
indiana,2020-02-12,,18,,,,
indiana,2020-02-13,,18,,,,
indiana,2020-02-14,,18,,,,
indiana,2020-02-15,,18,,,,
indiana,2020-02-16,,18,,,,
indiana,2020-02-17,,18,,,,
indiana,2020-02-18,,18,,,,
indiana,2020-02-19,,18,,,,
indiana,2020-02-20,,18,,,,
indiana,2020-02-21,,18,,,,
indiana,2020-02-22,,18,,,,
indiana,2020-02-23,,18,,,,
indiana,2020-02-24,,18,,,,
indiana,2020-02-25,,18,,,,
indiana,2020-02-26,,18,,,,
indiana,2020-02-27,,18,,,,
indiana,2020-02-28,,18,,,,
indiana,2020-02-29,,18,,,,
indiana,2020-03-01,,18,,,,
indiana,2020-03-02,,18,,,,
indiana,2020-03-03,,18,,,,
indiana,2020-03-04,,18,,,,
indiana,2020-03-05,,18,,,,
indiana,2020-03-06,,18,,,,
indiana,2020-03-07,1-0-0-0,18,1.0,0.0,0.0,0.0
indiana,2020-03-08,1-0-0-0,18,1.0,0.0,0.0,0.0
indiana,2020-03-09,2-0-0-0,18,2.0,0.0,0.0,0.0
indiana,2020-03-10,4-0-0-0,18,4.0,0.0,0.0,0.0
indiana,2020-03-11,6-0-0-0,18,6.0,0.0,0.0,0.0
indiana,2020-03-12,10-0-0-0,18,10.0,0.0,0.0,0.0
indiana,2020-03-13,12-0-0-0,18,12.0,0.0,0.0,0.0
iowa,2020-01-21,,19,,,,
iowa,2020-01-22,,19,,,,
iowa,2020-01-23,,19,,,,
iowa,2020-01-24,,19,,,,
iowa,2020-01-25,,19,,,,
iowa,2020-01-26,,19,,,,
iowa,2020-01-27,,19,,,,
iowa,2020-01-28,,19,,,,
iowa,2020-01-29,,19,,,,
iowa,2020-01-30,,19,,,,
iowa,2020-01-31,,19,,,,
iowa,2020-02-01,,19,,,,
iowa,2020-02-02,,19,,,,
iowa,2020-02-03,,19,,,,
iowa,2020-02-04,,19,,,,
iowa,2020-02-05,,19,,,,
iowa,2020-02-06,,19,,,,
iowa,2020-02-07,,19,,,,
iowa,2020-02-08,,19,,,,
iowa,2020-02-09,,19,,,,
iowa,2020-02-10,,19,,,,
iowa,2020-02-11,,19,,,,
iowa,2020-02-12,,19,,,,
iowa,2020-02-13,,19,,,,
iowa,2020-02-14,,19,,,,
iowa,2020-02-15,,19,,,,
iowa,2020-02-16,,19,,,,
iowa,2020-02-17,,19,,,,
iowa,2020-02-18,,19,,,,
iowa,2020-02-19,,19,,,,
iowa,2020-02-20,,19,,,,
iowa,2020-02-21,,19,,,,
iowa,2020-02-22,,19,,,,
iowa,2020-02-23,,19,,,,
iowa,2020-02-24,,19,,,,
iowa,2020-02-25,,19,,,,
iowa,2020-02-26,,19,,,,
iowa,2020-02-27,,19,,,,
iowa,2020-02-28,,19,,,,
iowa,2020-02-29,,19,,,,
iowa,2020-03-01,,19,,,,
iowa,2020-03-02,,19,,,,
iowa,2020-03-03,,19,,,,
iowa,2020-03-04,,19,,,,
iowa,2020-03-05,,19,,,,
iowa,2020-03-06,,19,,,,
iowa,2020-03-07,,19,,,,
iowa,2020-03-08,,19,,,,
iowa,2020-03-09,3-0-0-0,19,3.0,0.0,0.0,0.0
iowa,2020-03-10,4-0-0-0,19,4.0,0.0,0.0,0.0
iowa,2020-03-11,13-0-0-0,19,13.0,0.0,0.0,0.0
iowa,2020-03-12,13-0-0-0,19,13.0,0.0,0.0,0.0
iowa,2020-03-13,16-0-0-0,19,16.0,0.0,0.0,0.0
kansas,2020-01-21,,20,,,,
kansas,2020-01-22,,20,,,,
kansas,2020-01-23,,20,,,,
kansas,2020-01-24,,20,,,,
kansas,2020-01-25,,20,,,,
kansas,2020-01-26,,20,,,,
kansas,2020-01-27,,20,,,,
kansas,2020-01-28,,20,,,,
kansas,2020-01-29,,20,,,,
kansas,2020-01-30,,20,,,,
kansas,2020-01-31,,20,,,,
kansas,2020-02-01,,20,,,,
kansas,2020-02-02,,20,,,,
kansas,2020-02-03,,20,,,,
kansas,2020-02-04,,20,,,,
kansas,2020-02-05,,20,,,,
kansas,2020-02-06,,20,,,,
kansas,2020-02-07,,20,,,,
kansas,2020-02-08,,20,,,,
kansas,2020-02-09,,20,,,,
kansas,2020-02-10,,20,,,,
kansas,2020-02-11,,20,,,,
kansas,2020-02-12,,20,,,,
kansas,2020-02-13,,20,,,,
kansas,2020-02-14,,20,,,,
kansas,2020-02-15,,20,,,,
kansas,2020-02-16,,20,,,,
kansas,2020-02-17,,20,,,,
kansas,2020-02-18,,20,,,,
kansas,2020-02-19,,20,,,,
kansas,2020-02-20,,20,,,,
kansas,2020-02-21,,20,,,,
kansas,2020-02-22,,20,,,,
kansas,2020-02-23,,20,,,,
kansas,2020-02-24,,20,,,,
kansas,2020-02-25,,20,,,,
kansas,2020-02-26,,20,,,,
kansas,2020-02-27,,20,,,,
kansas,2020-02-28,,20,,,,
kansas,2020-02-29,,20,,,,
kansas,2020-03-01,,20,,,,
kansas,2020-03-02,,20,,,,
kansas,2020-03-03,,20,,,,
kansas,2020-03-04,,20,,,,
kansas,2020-03-05,,20,,,,
kansas,2020-03-06,,20,,,,
kansas,2020-03-07,,20,,,,
kansas,2020-03-08,1-0-0-0,20,1.0,0.0,0.0,0.0
kansas,2020-03-09,1-0-0-0,20,1.0,0.0,0.0,0.0
kansas,2020-03-10,1-0-0-0,20,1.0,0.0,0.0,0.0
kansas,2020-03-11,1-0-0-0,20,1.0,0.0,0.0,0.0
kansas,2020-03-12,1-0-0-0,20,1.0,0.0,0.0,0.0
kansas,2020-03-13,4-0-0-1,20,4.0,0.0,0.0,1.0
kentucky,2020-01-21,,21,,,,
kentucky,2020-01-22,,21,,,,
kentucky,2020-01-23,,21,,,,
kentucky,2020-01-24,,21,,,,
kentucky,2020-01-25,,21,,,,
kentucky,2020-01-26,,21,,,,
kentucky,2020-01-27,,21,,,,
kentucky,2020-01-28,,21,,,,
kentucky,2020-01-29,,21,,,,
kentucky,2020-01-30,,21,,,,
kentucky,2020-01-31,,21,,,,
kentucky,2020-02-01,,21,,,,
kentucky,2020-02-02,,21,,,,
kentucky,2020-02-03,,21,,,,
kentucky,2020-02-04,,21,,,,
kentucky,2020-02-05,,21,,,,
kentucky,2020-02-06,,21,,,,
kentucky,2020-02-07,,21,,,,
kentucky,2020-02-08,,21,,,,
kentucky,2020-02-09,,21,,,,
kentucky,2020-02-10,,21,,,,
kentucky,2020-02-11,,21,,,,
kentucky,2020-02-12,,21,,,,
kentucky,2020-02-13,,21,,,,
kentucky,2020-02-14,,21,,,,
kentucky,2020-02-15,,21,,,,
kentucky,2020-02-16,,21,,,,
kentucky,2020-02-17,,21,,,,
kentucky,2020-02-18,,21,,,,
kentucky,2020-02-19,,21,,,,
kentucky,2020-02-20,,21,,,,
kentucky,2020-02-21,,21,,,,
kentucky,2020-02-22,,21,,,,
kentucky,2020-02-23,,21,,,,
kentucky,2020-02-24,,21,,,,
kentucky,2020-02-25,,21,,,,
kentucky,2020-02-26,,21,,,,
kentucky,2020-02-27,,21,,,,
kentucky,2020-02-28,,21,,,,
kentucky,2020-02-29,,21,,,,
kentucky,2020-03-01,,21,,,,
kentucky,2020-03-02,,21,,,,
kentucky,2020-03-03,,21,,,,
kentucky,2020-03-04,,21,,,,
kentucky,2020-03-05,,21,,,,
kentucky,2020-03-06,,21,,,,
kentucky,2020-03-07,,21,,,,
kentucky,2020-03-08,1-0-0-0,21,1.0,0.0,0.0,0.0
kentucky,2020-03-09,4-0-0-0,21,4.0,0.0,0.0,0.0
kentucky,2020-03-10,4-0-0-0,21,4.0,0.0,0.0,0.0
kentucky,2020-03-11,8-0-0-0,21,8.0,0.0,0.0,0.0
kentucky,2020-03-12,8-0-0-0,21,8.0,0.0,0.0,0.0
kentucky,2020-03-13,11-0-0-0,21,11.0,0.0,0.0,0.0
louisiana,2020-01-21,,22,,,,
louisiana,2020-01-22,,22,,,,
louisiana,2020-01-23,,22,,,,
louisiana,2020-01-24,,22,,,,
louisiana,2020-01-25,,22,,,,
louisiana,2020-01-26,,22,,,,
louisiana,2020-01-27,,22,,,,
louisiana,2020-01-28,,22,,,,
louisiana,2020-01-29,,22,,,,
louisiana,2020-01-30,,22,,,,
louisiana,2020-01-31,,22,,,,
louisiana,2020-02-01,,22,,,,
louisiana,2020-02-02,,22,,,,
louisiana,2020-02-03,,22,,,,
louisiana,2020-02-04,,22,,,,
louisiana,2020-02-05,,22,,,,
louisiana,2020-02-06,,22,,,,
louisiana,2020-02-07,,22,,,,
louisiana,2020-02-08,,22,,,,
louisiana,2020-02-09,,22,,,,
louisiana,2020-02-10,,22,,,,
louisiana,2020-02-11,,22,,,,
louisiana,2020-02-12,,22,,,,
louisiana,2020-02-13,,22,,,,
louisiana,2020-02-14,,22,,,,
louisiana,2020-02-15,,22,,,,
louisiana,2020-02-16,,22,,,,
louisiana,2020-02-17,,22,,,,
louisiana,2020-02-18,,22,,,,
louisiana,2020-02-19,,22,,,,
louisiana,2020-02-20,,22,,,,
louisiana,2020-02-21,,22,,,,
louisiana,2020-02-22,,22,,,,
louisiana,2020-02-23,,22,,,,
louisiana,2020-02-24,,22,,,,
louisiana,2020-02-25,,22,,,,
louisiana,2020-02-26,,22,,,,
louisiana,2020-02-27,,22,,,,
louisiana,2020-02-28,,22,,,,
louisiana,2020-02-29,,22,,,,
louisiana,2020-03-01,,22,,,,
louisiana,2020-03-02,,22,,,,
louisiana,2020-03-03,,22,,,,
louisiana,2020-03-04,,22,,,,
louisiana,2020-03-05,,22,,,,
louisiana,2020-03-06,,22,,,,
louisiana,2020-03-07,,22,,,,
louisiana,2020-03-08,,22,,,,
louisiana,2020-03-09,,22,,,,
louisiana,2020-03-10,1-0-0-0,22,1.0,0.0,0.0,0.0
louisiana,2020-03-11,3-0-0-0,22,3.0,0.0,0.0,0.0
louisiana,2020-03-12,6-0-0-0,22,6.0,0.0,0.0,0.0
louisiana,2020-03-13,19-0-0-0,22,19.0,0.0,0.0,0.0
maine,2020-01-21,,23,,,,
maine,2020-01-22,,23,,,,
maine,2020-01-23,,23,,,,
maine,2020-01-24,,23,,,,
maine,2020-01-25,,23,,,,
maine,2020-01-26,,23,,,,
maine,2020-01-27,,23,,,,
maine,2020-01-28,,23,,,,
maine,2020-01-29,,23,,,,
maine,2020-01-30,,23,,,,
maine,2020-01-31,,23,,,,
maine,2020-02-01,,23,,,,
maine,2020-02-02,,23,,,,
maine,2020-02-03,,23,,,,
maine,2020-02-04,,23,,,,
maine,2020-02-05,,23,,,,
maine,2020-02-06,,23,,,,
maine,2020-02-07,,23,,,,
maine,2020-02-08,,23,,,,
maine,2020-02-09,,23,,,,
maine,2020-02-10,,23,,,,
maine,2020-02-11,,23,,,,
maine,2020-02-12,,23,,,,
maine,2020-02-13,,23,,,,
maine,2020-02-14,,23,,,,
maine,2020-02-15,,23,,,,
maine,2020-02-16,,23,,,,
maine,2020-02-17,,23,,,,
maine,2020-02-18,,23,,,,
maine,2020-02-19,,23,,,,
maine,2020-02-20,,23,,,,
maine,2020-02-21,,23,,,,
maine,2020-02-22,,23,,,,
maine,2020-02-23,,23,,,,
maine,2020-02-24,,23,,,,
maine,2020-02-25,,23,,,,
maine,2020-02-26,,23,,,,
maine,2020-02-27,,23,,,,
maine,2020-02-28,,23,,,,
maine,2020-02-29,,23,,,,
maine,2020-03-01,,23,,,,
maine,2020-03-02,,23,,,,
maine,2020-03-03,,23,,,,
maine,2020-03-04,,23,,,,
maine,2020-03-05,,23,,,,
maine,2020-03-06,,23,,,,
maine,2020-03-07,,23,,,,
maine,2020-03-08,,23,,,,
maine,2020-03-09,,23,,,,
maine,2020-03-10,,23,,,,
maine,2020-03-11,,23,,,,
maine,2020-03-12,,23,,,,
maine,2020-03-13,1-0-0-0,23,1.0,0.0,0.0,0.0
maryland,2020-01-21,,24,,,,
maryland,2020-01-22,,24,,,,
maryland,2020-01-23,,24,,,,
maryland,2020-01-24,,24,,,,
maryland,2020-01-25,,24,,,,
maryland,2020-01-26,,24,,,,
maryland,2020-01-27,,24,,,,
maryland,2020-01-28,,24,,,,
maryland,2020-01-29,,24,,,,
maryland,2020-01-30,,24,,,,
maryland,2020-01-31,,24,,,,
maryland,2020-02-01,,24,,,,
maryland,2020-02-02,,24,,,,
maryland,2020-02-03,,24,,,,
maryland,2020-02-04,,24,,,,
maryland,2020-02-05,,24,,,,
maryland,2020-02-06,,24,,,,
maryland,2020-02-07,,24,,,,
maryland,2020-02-08,,24,,,,
maryland,2020-02-09,,24,,,,
maryland,2020-02-10,,24,,,,
maryland,2020-02-11,,24,,,,
maryland,2020-02-12,,24,,,,
maryland,2020-02-13,,24,,,,
maryland,2020-02-14,,24,,,,
maryland,2020-02-15,,24,,,,
maryland,2020-02-16,,24,,,,
maryland,2020-02-17,,24,,,,
maryland,2020-02-18,,24,,,,
maryland,2020-02-19,,24,,,,
maryland,2020-02-20,,24,,,,
maryland,2020-02-21,,24,,,,
maryland,2020-02-22,,24,,,,
maryland,2020-02-23,,24,,,,
maryland,2020-02-24,,24,,,,
maryland,2020-02-25,,24,,,,
maryland,2020-02-26,,24,,,,
maryland,2020-02-27,,24,,,,
maryland,2020-02-28,,24,,,,
maryland,2020-02-29,,24,,,,
maryland,2020-03-01,,24,,,,
maryland,2020-03-02,,24,,,,
maryland,2020-03-03,,24,,,,
maryland,2020-03-04,,24,,,,
maryland,2020-03-05,,24,,,,
maryland,2020-03-06,,24,,,,
maryland,2020-03-07,3-0-0-0,24,3.0,0.0,0.0,0.0
maryland,2020-03-08,3-0-0-0,24,3.0,0.0,0.0,0.0
maryland,2020-03-09,5-0-0-0,24,5.0,0.0,0.0,0.0
maryland,2020-03-10,7-0-0-0,24,7.0,0.0,0.0,0.0
maryland,2020-03-11,9-0-0-0,24,9.0,0.0,0.0,0.0
maryland,2020-03-12,10-0-0-0,24,10.0,0.0,0.0,0.0
maryland,2020-03-13,13-0-0-0,24,13.0,0.0,0.0,0.0
massachusetts,2020-01-21,,25,,,,
massachusetts,2020-01-22,,25,,,,
massachusetts,2020-01-23,,25,,,,
massachusetts,2020-01-24,,25,,,,
massachusetts,2020-01-25,,25,,,,
massachusetts,2020-01-26,,25,,,,
massachusetts,2020-01-27,,25,,,,
massachusetts,2020-01-28,,25,,,,
massachusetts,2020-01-29,,25,,,,
massachusetts,2020-01-30,,25,,,,
massachusetts,2020-01-31,,25,,,,
massachusetts,2020-02-01,,25,,,,
massachusetts,2020-02-02,,25,,,,
massachusetts,2020-02-03,,25,,,,
massachusetts,2020-02-04,,25,,,,
massachusetts,2020-02-05,,25,,,,
massachusetts,2020-02-06,,25,,,,
massachusetts,2020-02-07,1-0-0-0,25,1.0,0.0,0.0,0.0
massachusetts,2020-02-08,1-0-0-0,25,1.0,0.0,0.0,0.0
massachusetts,2020-02-09,1-0-0-0,25,1.0,0.0,0.0,0.0
massachusetts,2020-02-10,1-0-0-0,25,1.0,0.0,0.0,0.0
massachusetts,2020-02-11,1-0-0-0,25,1.0,0.0,0.0,0.0
massachusetts,2020-02-12,1-0-0-0,25,1.0,0.0,0.0,0.0
massachusetts,2020-02-13,1-0-0-0,25,1.0,0.0,0.0,0.0
massachusetts,2020-02-14,1-0-0-0,25,1.0,0.0,0.0,0.0
massachusetts,2020-02-15,1-0-0-0,25,1.0,0.0,0.0,0.0
massachusetts,2020-02-16,1-0-0-0,25,1.0,0.0,0.0,0.0
massachusetts,2020-02-17,1-0-0-0,25,1.0,0.0,0.0,0.0
massachusetts,2020-02-18,1-0-0-0,25,1.0,0.0,0.0,0.0
massachusetts,2020-02-19,1-0-0-0,25,1.0,0.0,0.0,0.0
massachusetts,2020-02-20,1-0-0-0,25,1.0,0.0,0.0,0.0
massachusetts,2020-02-21,1-0-0-0,25,1.0,0.0,0.0,0.0
massachusetts,2020-02-22,1-0-0-0,25,1.0,0.0,0.0,0.0
massachusetts,2020-02-23,1-0-0-0,25,1.0,0.0,0.0,0.0
massachusetts,2020-02-24,1-0-0-0,25,1.0,0.0,0.0,0.0
massachusetts,2020-02-25,1-0-0-0,25,1.0,0.0,0.0,0.0
massachusetts,2020-02-26,1-0-0-0,25,1.0,0.0,0.0,0.0
massachusetts,2020-02-27,1-0-0-0,25,1.0,0.0,0.0,0.0
massachusetts,2020-02-28,1-0-0-0,25,1.0,0.0,0.0,0.0
massachusetts,2020-02-29,1-0-0-0,25,1.0,0.0,0.0,0.0
massachusetts,2020-03-01,1-0-0-0,25,1.0,0.0,0.0,0.0
massachusetts,2020-03-02,1-0-0-0,25,1.0,0.0,0.0,0.0
massachusetts,2020-03-03,1-0-0-0,25,1.0,0.0,0.0,0.0
massachusetts,2020-03-04,2-0-0-0,25,2.0,0.0,0.0,0.0
massachusetts,2020-03-05,2-0-0-0,25,2.0,0.0,0.0,0.0
massachusetts,2020-03-06,2-0-0-0,25,2.0,0.0,0.0,0.0
massachusetts,2020-03-07,8-0-0-0,25,8.0,0.0,0.0,0.0
massachusetts,2020-03-08,13-0-0-0,25,13.0,0.0,0.0,0.0
massachusetts,2020-03-09,28-0-0-0,25,28.0,0.0,0.0,0.0
massachusetts,2020-03-10,41-0-0-0,25,41.0,0.0,0.0,0.0
massachusetts,2020-03-11,92-0-0-0,25,92.0,0.0,0.0,0.0
massachusetts,2020-03-12,95-0-0-0,25,95.0,0.0,0.0,0.0
massachusetts,2020-03-13,108-0-0-0,25,108.0,0.0,0.0,0.0
michigan,2020-01-21,,26,,,,
michigan,2020-01-22,,26,,,,
michigan,2020-01-23,,26,,,,
michigan,2020-01-24,,26,,,,
michigan,2020-01-25,,26,,,,
michigan,2020-01-26,,26,,,,
michigan,2020-01-27,,26,,,,
michigan,2020-01-28,,26,,,,
michigan,2020-01-29,,26,,,,
michigan,2020-01-30,,26,,,,
michigan,2020-01-31,,26,,,,
michigan,2020-02-01,,26,,,,
michigan,2020-02-02,,26,,,,
michigan,2020-02-03,,26,,,,
michigan,2020-02-04,,26,,,,
michigan,2020-02-05,,26,,,,
michigan,2020-02-06,,26,,,,
michigan,2020-02-07,,26,,,,
michigan,2020-02-08,,26,,,,
michigan,2020-02-09,,26,,,,
michigan,2020-02-10,,26,,,,
michigan,2020-02-11,,26,,,,
michigan,2020-02-12,,26,,,,
michigan,2020-02-13,,26,,,,
michigan,2020-02-14,,26,,,,
michigan,2020-02-15,,26,,,,
michigan,2020-02-16,,26,,,,
michigan,2020-02-17,,26,,,,
michigan,2020-02-18,,26,,,,
michigan,2020-02-19,,26,,,,
michigan,2020-02-20,,26,,,,
michigan,2020-02-21,,26,,,,
michigan,2020-02-22,,26,,,,
michigan,2020-02-23,,26,,,,
michigan,2020-02-24,,26,,,,
michigan,2020-02-25,,26,,,,
michigan,2020-02-26,,26,,,,
michigan,2020-02-27,,26,,,,
michigan,2020-02-28,,26,,,,
michigan,2020-02-29,,26,,,,
michigan,2020-03-01,,26,,,,
michigan,2020-03-02,,26,,,,
michigan,2020-03-03,,26,,,,
michigan,2020-03-04,,26,,,,
michigan,2020-03-05,,26,,,,
michigan,2020-03-06,,26,,,,
michigan,2020-03-07,,26,,,,
michigan,2020-03-08,,26,,,,
michigan,2020-03-09,,26,,,,
michigan,2020-03-10,,26,,,,
michigan,2020-03-11,2-0-0-0,26,2.0,0.0,0.0,0.0
michigan,2020-03-12,2-0-0-0,26,2.0,0.0,0.0,0.0
michigan,2020-03-13,12-0-0-0,26,12.0,0.0,0.0,0.0
minnesota,2020-01-21,,27,,,,
minnesota,2020-01-22,,27,,,,
minnesota,2020-01-23,,27,,,,
minnesota,2020-01-24,,27,,,,
minnesota,2020-01-25,,27,,,,
minnesota,2020-01-26,,27,,,,
minnesota,2020-01-27,,27,,,,
minnesota,2020-01-28,,27,,,,
minnesota,2020-01-29,,27,,,,
minnesota,2020-01-30,,27,,,,
minnesota,2020-01-31,,27,,,,
minnesota,2020-02-01,,27,,,,
minnesota,2020-02-02,,27,,,,
minnesota,2020-02-03,,27,,,,
minnesota,2020-02-04,,27,,,,
minnesota,2020-02-05,,27,,,,
minnesota,2020-02-06,,27,,,,
minnesota,2020-02-07,,27,,,,
minnesota,2020-02-08,,27,,,,
minnesota,2020-02-09,,27,,,,
minnesota,2020-02-10,,27,,,,
minnesota,2020-02-11,,27,,,,
minnesota,2020-02-12,,27,,,,
minnesota,2020-02-13,,27,,,,
minnesota,2020-02-14,,27,,,,
minnesota,2020-02-15,,27,,,,
minnesota,2020-02-16,,27,,,,
minnesota,2020-02-17,,27,,,,
minnesota,2020-02-18,,27,,,,
minnesota,2020-02-19,,27,,,,
minnesota,2020-02-20,,27,,,,
minnesota,2020-02-21,,27,,,,
minnesota,2020-02-22,,27,,,,
minnesota,2020-02-23,,27,,,,
minnesota,2020-02-24,,27,,,,
minnesota,2020-02-25,,27,,,,
minnesota,2020-02-26,,27,,,,
minnesota,2020-02-27,,27,,,,
minnesota,2020-02-28,,27,,,,
minnesota,2020-02-29,,27,,,,
minnesota,2020-03-01,,27,,,,
minnesota,2020-03-02,,27,,,,
minnesota,2020-03-03,,27,,,,
minnesota,2020-03-04,,27,,,,
minnesota,2020-03-05,,27,,,,
minnesota,2020-03-06,,27,,,,
minnesota,2020-03-07,1-0-0-0,27,1.0,0.0,0.0,0.0
minnesota,2020-03-08,2-0-0-0,27,2.0,0.0,0.0,0.0
minnesota,2020-03-09,1-0-0-0,27,1.0,0.0,0.0,0.0
minnesota,2020-03-10,2-0-0-0,27,2.0,0.0,0.0,0.0
minnesota,2020-03-11,3-0-0-0,27,3.0,0.0,0.0,0.0
minnesota,2020-03-12,5-0-0-0,27,5.0,0.0,0.0,0.0
minnesota,2020-03-13,9-0-0-0,27,9.0,0.0,0.0,0.0
mississippi,2020-01-21,,28,,,,
mississippi,2020-01-22,,28,,,,
mississippi,2020-01-23,,28,,,,
mississippi,2020-01-24,,28,,,,
mississippi,2020-01-25,,28,,,,
mississippi,2020-01-26,,28,,,,
mississippi,2020-01-27,,28,,,,
mississippi,2020-01-28,,28,,,,
mississippi,2020-01-29,,28,,,,
mississippi,2020-01-30,,28,,,,
mississippi,2020-01-31,,28,,,,
mississippi,2020-02-01,,28,,,,
mississippi,2020-02-02,,28,,,,
mississippi,2020-02-03,,28,,,,
mississippi,2020-02-04,,28,,,,
mississippi,2020-02-05,,28,,,,
mississippi,2020-02-06,,28,,,,
mississippi,2020-02-07,,28,,,,
mississippi,2020-02-08,,28,,,,
mississippi,2020-02-09,,28,,,,
mississippi,2020-02-10,,28,,,,
mississippi,2020-02-11,,28,,,,
mississippi,2020-02-12,,28,,,,
mississippi,2020-02-13,,28,,,,
mississippi,2020-02-14,,28,,,,
mississippi,2020-02-15,,28,,,,
mississippi,2020-02-16,,28,,,,
mississippi,2020-02-17,,28,,,,
mississippi,2020-02-18,,28,,,,
mississippi,2020-02-19,,28,,,,
mississippi,2020-02-20,,28,,,,
mississippi,2020-02-21,,28,,,,
mississippi,2020-02-22,,28,,,,
mississippi,2020-02-23,,28,,,,
mississippi,2020-02-24,,28,,,,
mississippi,2020-02-25,,28,,,,
mississippi,2020-02-26,,28,,,,
mississippi,2020-02-27,,28,,,,
mississippi,2020-02-28,,28,,,,
mississippi,2020-02-29,,28,,,,
mississippi,2020-03-01,,28,,,,
mississippi,2020-03-02,,28,,,,
mississippi,2020-03-03,,28,,,,
mississippi,2020-03-04,,28,,,,
mississippi,2020-03-05,,28,,,,
mississippi,2020-03-06,,28,,,,
mississippi,2020-03-07,,28,,,,
mississippi,2020-03-08,,28,,,,
mississippi,2020-03-09,,28,,,,
mississippi,2020-03-10,,28,,,,
mississippi,2020-03-11,,28,,,,
mississippi,2020-03-12,,28,,,,
mississippi,2020-03-13,1-0-0-0,28,1.0,0.0,0.0,0.0
missouri,2020-01-21,,29,,,,
missouri,2020-01-22,,29,,,,
missouri,2020-01-23,,29,,,,
missouri,2020-01-24,,29,,,,
missouri,2020-01-25,,29,,,,
missouri,2020-01-26,,29,,,,
missouri,2020-01-27,,29,,,,
missouri,2020-01-28,,29,,,,
missouri,2020-01-29,,29,,,,
missouri,2020-01-30,,29,,,,
missouri,2020-01-31,,29,,,,
missouri,2020-02-01,,29,,,,
missouri,2020-02-02,,29,,,,
missouri,2020-02-03,,29,,,,
missouri,2020-02-04,,29,,,,
missouri,2020-02-05,,29,,,,
missouri,2020-02-06,,29,,,,
missouri,2020-02-07,,29,,,,
missouri,2020-02-08,,29,,,,
missouri,2020-02-09,,29,,,,
missouri,2020-02-10,,29,,,,
missouri,2020-02-11,,29,,,,
missouri,2020-02-12,,29,,,,
missouri,2020-02-13,,29,,,,
missouri,2020-02-14,,29,,,,
missouri,2020-02-15,,29,,,,
missouri,2020-02-16,,29,,,,
missouri,2020-02-17,,29,,,,
missouri,2020-02-18,,29,,,,
missouri,2020-02-19,,29,,,,
missouri,2020-02-20,,29,,,,
missouri,2020-02-21,,29,,,,
missouri,2020-02-22,,29,,,,
missouri,2020-02-23,,29,,,,
missouri,2020-02-24,,29,,,,
missouri,2020-02-25,,29,,,,
missouri,2020-02-26,,29,,,,
missouri,2020-02-27,,29,,,,
missouri,2020-02-28,,29,,,,
missouri,2020-02-29,,29,,,,
missouri,2020-03-01,,29,,,,
missouri,2020-03-02,,29,,,,
missouri,2020-03-03,,29,,,,
missouri,2020-03-04,,29,,,,
missouri,2020-03-05,,29,,,,
missouri,2020-03-06,,29,,,,
missouri,2020-03-07,,29,,,,
missouri,2020-03-08,1-0-0-0,29,1.0,0.0,0.0,0.0
missouri,2020-03-09,1-0-0-0,29,1.0,0.0,0.0,0.0
missouri,2020-03-10,1-0-0-0,29,1.0,0.0,0.0,0.0
missouri,2020-03-11,1-0-0-0,29,1.0,0.0,0.0,0.0
missouri,2020-03-12,1-0-0-0,29,1.0,0.0,0.0,0.0
missouri,2020-03-13,2-0-0-0,29,2.0,0.0,0.0,0.0
montana,2020-01-21,,30,,,,
montana,2020-01-22,,30,,,,
montana,2020-01-23,,30,,,,
montana,2020-01-24,,30,,,,
montana,2020-01-25,,30,,,,
montana,2020-01-26,,30,,,,
montana,2020-01-27,,30,,,,
montana,2020-01-28,,30,,,,
montana,2020-01-29,,30,,,,
montana,2020-01-30,,30,,,,
montana,2020-01-31,,30,,,,
montana,2020-02-01,,30,,,,
montana,2020-02-02,,30,,,,
montana,2020-02-03,,30,,,,
montana,2020-02-04,,30,,,,
montana,2020-02-05,,30,,,,
montana,2020-02-06,,30,,,,
montana,2020-02-07,,30,,,,
montana,2020-02-08,,30,,,,
montana,2020-02-09,,30,,,,
montana,2020-02-10,,30,,,,
montana,2020-02-11,,30,,,,
montana,2020-02-12,,30,,,,
montana,2020-02-13,,30,,,,
montana,2020-02-14,,30,,,,
montana,2020-02-15,,30,,,,
montana,2020-02-16,,30,,,,
montana,2020-02-17,,30,,,,
montana,2020-02-18,,30,,,,
montana,2020-02-19,,30,,,,
montana,2020-02-20,,30,,,,
montana,2020-02-21,,30,,,,
montana,2020-02-22,,30,,,,
montana,2020-02-23,,30,,,,
montana,2020-02-24,,30,,,,
montana,2020-02-25,,30,,,,
montana,2020-02-26,,30,,,,
montana,2020-02-27,,30,,,,
montana,2020-02-28,,30,,,,
montana,2020-02-29,,30,,,,
montana,2020-03-01,,30,,,,
montana,2020-03-02,,30,,,,
montana,2020-03-03,,30,,,,
montana,2020-03-04,,30,,,,
montana,2020-03-05,,30,,,,
montana,2020-03-06,,30,,,,
montana,2020-03-07,,30,,,,
montana,2020-03-08,,30,,,,
montana,2020-03-09,,30,,,,
montana,2020-03-10,,30,,,,
montana,2020-03-11,,30,,,,
montana,2020-03-12,,30,,,,
montana,2020-03-13,,30,,,,
nebraska,2020-01-21,,31,,,,
nebraska,2020-01-22,,31,,,,
nebraska,2020-01-23,,31,,,,
nebraska,2020-01-24,,31,,,,
nebraska,2020-01-25,,31,,,,
nebraska,2020-01-26,,31,,,,
nebraska,2020-01-27,,31,,,,
nebraska,2020-01-28,,31,,,,
nebraska,2020-01-29,,31,,,,
nebraska,2020-01-30,,31,,,,
nebraska,2020-01-31,,31,,,,
nebraska,2020-02-01,,31,,,,
nebraska,2020-02-02,,31,,,,
nebraska,2020-02-03,,31,,,,
nebraska,2020-02-04,,31,,,,
nebraska,2020-02-05,,31,,,,
nebraska,2020-02-06,,31,,,,
nebraska,2020-02-07,,31,,,,
nebraska,2020-02-08,,31,,,,
nebraska,2020-02-09,,31,,,,
nebraska,2020-02-10,,31,,,,
nebraska,2020-02-11,,31,,,,
nebraska,2020-02-12,,31,,,,
nebraska,2020-02-13,,31,,,,
nebraska,2020-02-14,,31,,,,
nebraska,2020-02-15,,31,,,,
nebraska,2020-02-16,,31,,,,
nebraska,2020-02-17,,31,,,,
nebraska,2020-02-18,,31,,,,
nebraska,2020-02-19,,31,,,,
nebraska,2020-02-20,,31,,,,
nebraska,2020-02-21,,31,,,,
nebraska,2020-02-22,,31,,,,
nebraska,2020-02-23,,31,,,,
nebraska,2020-02-24,,31,,,,
nebraska,2020-02-25,,31,,,,
nebraska,2020-02-26,,31,,,,
nebraska,2020-02-27,,31,,,,
nebraska,2020-02-28,,31,,,,
nebraska,2020-02-29,,31,,,,
nebraska,2020-03-01,,31,,,,
nebraska,2020-03-02,,31,,,,
nebraska,2020-03-03,,31,,,,
nebraska,2020-03-04,,31,,,,
nebraska,2020-03-05,,31,,,,
nebraska,2020-03-06,13-0-4-0,31,13.0,0.0,4.0,0.0
nebraska,2020-03-07,13-0-4-0,31,13.0,0.0,4.0,0.0
nebraska,2020-03-08,14-0-4-0,31,14.0,0.0,4.0,0.0
nebraska,2020-03-09,16-0-4-0,31,16.0,0.0,4.0,0.0
nebraska,2020-03-10,16-0-4-0,31,16.0,0.0,4.0,0.0
nebraska,2020-03-11,16-0-4-0,31,16.0,0.0,4.0,0.0
nebraska,2020-03-12,18-0-4-0,31,18.0,0.0,4.0,0.0
nebraska,2020-03-13,23-0-4-0,31,23.0,0.0,4.0,0.0
nevada,2020-01-21,,32,,,,
nevada,2020-01-22,,32,,,,
nevada,2020-01-23,,32,,,,
nevada,2020-01-24,,32,,,,
nevada,2020-01-25,,32,,,,
nevada,2020-01-26,,32,,,,
nevada,2020-01-27,,32,,,,
nevada,2020-01-28,,32,,,,
nevada,2020-01-29,,32,,,,
nevada,2020-01-30,,32,,,,
nevada,2020-01-31,,32,,,,
nevada,2020-02-01,,32,,,,
nevada,2020-02-02,,32,,,,
nevada,2020-02-03,,32,,,,
nevada,2020-02-04,,32,,,,
nevada,2020-02-05,,32,,,,
nevada,2020-02-06,,32,,,,
nevada,2020-02-07,,32,,,,
nevada,2020-02-08,,32,,,,
nevada,2020-02-09,,32,,,,
nevada,2020-02-10,,32,,,,
nevada,2020-02-11,,32,,,,
nevada,2020-02-12,,32,,,,
nevada,2020-02-13,,32,,,,
nevada,2020-02-14,,32,,,,
nevada,2020-02-15,,32,,,,
nevada,2020-02-16,,32,,,,
nevada,2020-02-17,,32,,,,
nevada,2020-02-18,,32,,,,
nevada,2020-02-19,,32,,,,
nevada,2020-02-20,,32,,,,
nevada,2020-02-21,,32,,,,
nevada,2020-02-22,,32,,,,
nevada,2020-02-23,,32,,,,
nevada,2020-02-24,,32,,,,
nevada,2020-02-25,,32,,,,
nevada,2020-02-26,,32,,,,
nevada,2020-02-27,,32,,,,
nevada,2020-02-28,,32,,,,
nevada,2020-02-29,,32,,,,
nevada,2020-03-01,,32,,,,
nevada,2020-03-02,,32,,,,
nevada,2020-03-03,,32,,,,
nevada,2020-03-04,,32,,,,
nevada,2020-03-05,,32,,,,
nevada,2020-03-06,1-0-0-0,32,1.0,0.0,0.0,0.0
nevada,2020-03-07,2-0-0-0,32,2.0,0.0,0.0,0.0
nevada,2020-03-08,2-0-0-0,32,2.0,0.0,0.0,0.0
nevada,2020-03-09,3-0-0-0,32,3.0,0.0,0.0,0.0
nevada,2020-03-10,4-0-0-0,32,4.0,0.0,0.0,0.0
nevada,2020-03-11,4-0-0-0,32,4.0,0.0,0.0,0.0
nevada,2020-03-12,5-0-0-0,32,5.0,0.0,0.0,0.0
nevada,2020-03-13,10-0-0-0,32,10.0,0.0,0.0,0.0
new hampshire,2020-01-21,,33,,,,
new hampshire,2020-01-22,,33,,,,
new hampshire,2020-01-23,,33,,,,
new hampshire,2020-01-24,,33,,,,
new hampshire,2020-01-25,,33,,,,
new hampshire,2020-01-26,,33,,,,
new hampshire,2020-01-27,,33,,,,
new hampshire,2020-01-28,,33,,,,
new hampshire,2020-01-29,,33,,,,
new hampshire,2020-01-30,,33,,,,
new hampshire,2020-01-31,,33,,,,
new hampshire,2020-02-01,,33,,,,
new hampshire,2020-02-02,,33,,,,
new hampshire,2020-02-03,,33,,,,
new hampshire,2020-02-04,,33,,,,
new hampshire,2020-02-05,,33,,,,
new hampshire,2020-02-06,,33,,,,
new hampshire,2020-02-07,,33,,,,
new hampshire,2020-02-08,,33,,,,
new hampshire,2020-02-09,,33,,,,
new hampshire,2020-02-10,,33,,,,
new hampshire,2020-02-11,,33,,,,
new hampshire,2020-02-12,,33,,,,
new hampshire,2020-02-13,,33,,,,
new hampshire,2020-02-14,,33,,,,
new hampshire,2020-02-15,,33,,,,
new hampshire,2020-02-16,,33,,,,
new hampshire,2020-02-17,,33,,,,
new hampshire,2020-02-18,,33,,,,
new hampshire,2020-02-19,,33,,,,
new hampshire,2020-02-20,,33,,,,
new hampshire,2020-02-21,,33,,,,
new hampshire,2020-02-22,,33,,,,
new hampshire,2020-02-23,,33,,,,
new hampshire,2020-02-24,,33,,,,
new hampshire,2020-02-25,,33,,,,
new hampshire,2020-02-26,,33,,,,
new hampshire,2020-02-27,,33,,,,
new hampshire,2020-02-28,,33,,,,
new hampshire,2020-02-29,,33,,,,
new hampshire,2020-03-01,,33,,,,
new hampshire,2020-03-02,,33,,,,
new hampshire,2020-03-03,1-0-0-0,33,1.0,0.0,0.0,0.0
new hampshire,2020-03-04,2-0-0-0,33,2.0,0.0,0.0,0.0
new hampshire,2020-03-05,2-0-0-0,33,2.0,0.0,0.0,0.0
new hampshire,2020-03-06,2-0-0-0,33,2.0,0.0,0.0,0.0
new hampshire,2020-03-07,2-0-0-0,33,2.0,0.0,0.0,0.0
new hampshire,2020-03-08,4-0-0-0,33,4.0,0.0,0.0,0.0
new hampshire,2020-03-09,4-0-0-0,33,4.0,0.0,0.0,0.0
new hampshire,2020-03-10,4-0-0-0,33,4.0,0.0,0.0,0.0
new hampshire,2020-03-11,5-0-0-0,33,5.0,0.0,0.0,0.0
new hampshire,2020-03-12,5-0-0-0,33,5.0,0.0,0.0,0.0
new hampshire,2020-03-13,6-0-0-0,33,6.0,0.0,0.0,0.0
new jersey,2020-01-21,,34,,,,
new jersey,2020-01-22,,34,,,,
new jersey,2020-01-23,,34,,,,
new jersey,2020-01-24,,34,,,,
new jersey,2020-01-25,,34,,,,
new jersey,2020-01-26,,34,,,,
new jersey,2020-01-27,,34,,,,
new jersey,2020-01-28,,34,,,,
new jersey,2020-01-29,,34,,,,
new jersey,2020-01-30,,34,,,,
new jersey,2020-01-31,,34,,,,
new jersey,2020-02-01,,34,,,,
new jersey,2020-02-02,,34,,,,
new jersey,2020-02-03,,34,,,,
new jersey,2020-02-04,,34,,,,
new jersey,2020-02-05,,34,,,,
new jersey,2020-02-06,,34,,,,
new jersey,2020-02-07,,34,,,,
new jersey,2020-02-08,,34,,,,
new jersey,2020-02-09,,34,,,,
new jersey,2020-02-10,,34,,,,
new jersey,2020-02-11,,34,,,,
new jersey,2020-02-12,,34,,,,
new jersey,2020-02-13,,34,,,,
new jersey,2020-02-14,,34,,,,
new jersey,2020-02-15,,34,,,,
new jersey,2020-02-16,,34,,,,
new jersey,2020-02-17,,34,,,,
new jersey,2020-02-18,,34,,,,
new jersey,2020-02-19,,34,,,,
new jersey,2020-02-20,,34,,,,
new jersey,2020-02-21,,34,,,,
new jersey,2020-02-22,,34,,,,
new jersey,2020-02-23,,34,,,,
new jersey,2020-02-24,,34,,,,
new jersey,2020-02-25,,34,,,,
new jersey,2020-02-26,,34,,,,
new jersey,2020-02-27,,34,,,,
new jersey,2020-02-28,,34,,,,
new jersey,2020-02-29,,34,,,,
new jersey,2020-03-01,,34,,,,
new jersey,2020-03-02,,34,,,,
new jersey,2020-03-03,,34,,,,
new jersey,2020-03-04,,34,,,,
new jersey,2020-03-05,,34,,,,
new jersey,2020-03-06,1-0-0-0,34,1.0,0.0,0.0,0.0
new jersey,2020-03-07,3-0-0-0,34,3.0,0.0,0.0,0.0
new jersey,2020-03-08,4-0-0-0,34,4.0,0.0,0.0,0.0
new jersey,2020-03-09,6-0-0-0,34,6.0,0.0,0.0,0.0
new jersey,2020-03-10,11-0-0-0,34,11.0,0.0,0.0,0.0
new jersey,2020-03-11,15-0-0-1,34,15.0,0.0,0.0,1.0
new jersey,2020-03-12,23-0-0-1,34,23.0,0.0,0.0,1.0
new jersey,2020-03-13,29-0-0-1,34,29.0,0.0,0.0,1.0
new mexico,2020-01-21,,35,,,,
new mexico,2020-01-22,,35,,,,
new mexico,2020-01-23,,35,,,,
new mexico,2020-01-24,,35,,,,
new mexico,2020-01-25,,35,,,,
new mexico,2020-01-26,,35,,,,
new mexico,2020-01-27,,35,,,,
new mexico,2020-01-28,,35,,,,
new mexico,2020-01-29,,35,,,,
new mexico,2020-01-30,,35,,,,
new mexico,2020-01-31,,35,,,,
new mexico,2020-02-01,,35,,,,
new mexico,2020-02-02,,35,,,,
new mexico,2020-02-03,,35,,,,
new mexico,2020-02-04,,35,,,,
new mexico,2020-02-05,,35,,,,
new mexico,2020-02-06,,35,,,,
new mexico,2020-02-07,,35,,,,
new mexico,2020-02-08,,35,,,,
new mexico,2020-02-09,,35,,,,
new mexico,2020-02-10,,35,,,,
new mexico,2020-02-11,,35,,,,
new mexico,2020-02-12,,35,,,,
new mexico,2020-02-13,,35,,,,
new mexico,2020-02-14,,35,,,,
new mexico,2020-02-15,,35,,,,
new mexico,2020-02-16,,35,,,,
new mexico,2020-02-17,,35,,,,
new mexico,2020-02-18,,35,,,,
new mexico,2020-02-19,,35,,,,
new mexico,2020-02-20,,35,,,,
new mexico,2020-02-21,,35,,,,
new mexico,2020-02-22,,35,,,,
new mexico,2020-02-23,,35,,,,
new mexico,2020-02-24,,35,,,,
new mexico,2020-02-25,,35,,,,
new mexico,2020-02-26,,35,,,,
new mexico,2020-02-27,,35,,,,
new mexico,2020-02-28,,35,,,,
new mexico,2020-02-29,,35,,,,
new mexico,2020-03-01,,35,,,,
new mexico,2020-03-02,,35,,,,
new mexico,2020-03-03,,35,,,,
new mexico,2020-03-04,,35,,,,
new mexico,2020-03-05,,35,,,,
new mexico,2020-03-06,,35,,,,
new mexico,2020-03-07,,35,,,,
new mexico,2020-03-08,,35,,,,
new mexico,2020-03-09,,35,,,,
new mexico,2020-03-10,,35,,,,
new mexico,2020-03-11,,35,,,,
new mexico,2020-03-12,3-0-0-0,35,3.0,0.0,0.0,0.0
new mexico,2020-03-13,6-0-0-0,35,6.0,0.0,0.0,0.0
new york,2020-01-21,,36,,,,
new york,2020-01-22,,36,,,,
new york,2020-01-23,,36,,,,
new york,2020-01-24,,36,,,,
new york,2020-01-25,,36,,,,
new york,2020-01-26,,36,,,,
new york,2020-01-27,,36,,,,
new york,2020-01-28,,36,,,,
new york,2020-01-29,,36,,,,
new york,2020-01-30,,36,,,,
new york,2020-01-31,,36,,,,
new york,2020-02-01,,36,,,,
new york,2020-02-02,,36,,,,
new york,2020-02-03,,36,,,,
new york,2020-02-04,,36,,,,
new york,2020-02-05,,36,,,,
new york,2020-02-06,,36,,,,
new york,2020-02-07,,36,,,,
new york,2020-02-08,,36,,,,
new york,2020-02-09,,36,,,,
new york,2020-02-10,,36,,,,
new york,2020-02-11,,36,,,,
new york,2020-02-12,,36,,,,
new york,2020-02-13,,36,,,,
new york,2020-02-14,,36,,,,
new york,2020-02-15,,36,,,,
new york,2020-02-16,,36,,,,
new york,2020-02-17,,36,,,,
new york,2020-02-18,,36,,,,
new york,2020-02-19,,36,,,,
new york,2020-02-20,,36,,,,
new york,2020-02-21,,36,,,,
new york,2020-02-22,,36,,,,
new york,2020-02-23,,36,,,,
new york,2020-02-24,,36,,,,
new york,2020-02-25,,36,,,,
new york,2020-02-26,,36,,,,
new york,2020-02-27,,36,,,,
new york,2020-02-28,,36,,,,
new york,2020-02-29,,36,,,,
new york,2020-03-01,,36,,,,
new york,2020-03-02,,36,,,,
new york,2020-03-03,1-0-0-0,36,1.0,0.0,0.0,0.0
new york,2020-03-04,2-0-0-0,36,2.0,0.0,0.0,0.0
new york,2020-03-05,2-0-0-0,36,2.0,0.0,0.0,0.0
new york,2020-03-06,22-0-0-0,36,22.0,0.0,0.0,0.0
new york,2020-03-07,35-0-0-0,36,35.0,0.0,0.0,0.0
new york,2020-03-08,89-0-0-0,36,89.0,0.0,0.0,0.0
new york,2020-03-09,106-0-0-0,36,106.0,0.0,0.0,0.0
new york,2020-03-10,143-0-0-0,36,143.0,0.0,0.0,0.0
new york,2020-03-11,173-0-0-0,36,173.0,0.0,0.0,0.0
new york,2020-03-12,218-0-0-0,36,218.0,0.0,0.0,0.0
new york,2020-03-13,325-0-0-0,36,325.0,0.0,0.0,0.0
north carolina,2020-01-21,,37,,,,
north carolina,2020-01-22,,37,,,,
north carolina,2020-01-23,,37,,,,
north carolina,2020-01-24,,37,,,,
north carolina,2020-01-25,,37,,,,
north carolina,2020-01-26,,37,,,,
north carolina,2020-01-27,,37,,,,
north carolina,2020-01-28,,37,,,,
north carolina,2020-01-29,,37,,,,
north carolina,2020-01-30,,37,,,,
north carolina,2020-01-31,,37,,,,
north carolina,2020-02-01,,37,,,,
north carolina,2020-02-02,,37,,,,
north carolina,2020-02-03,,37,,,,
north carolina,2020-02-04,,37,,,,
north carolina,2020-02-05,,37,,,,
north carolina,2020-02-06,,37,,,,
north carolina,2020-02-07,,37,,,,
north carolina,2020-02-08,,37,,,,
north carolina,2020-02-09,,37,,,,
north carolina,2020-02-10,,37,,,,
north carolina,2020-02-11,,37,,,,
north carolina,2020-02-12,,37,,,,
north carolina,2020-02-13,,37,,,,
north carolina,2020-02-14,,37,,,,
north carolina,2020-02-15,,37,,,,
north carolina,2020-02-16,,37,,,,
north carolina,2020-02-17,,37,,,,
north carolina,2020-02-18,,37,,,,
north carolina,2020-02-19,,37,,,,
north carolina,2020-02-20,,37,,,,
north carolina,2020-02-21,,37,,,,
north carolina,2020-02-22,,37,,,,
north carolina,2020-02-23,,37,,,,
north carolina,2020-02-24,,37,,,,
north carolina,2020-02-25,,37,,,,
north carolina,2020-02-26,,37,,,,
north carolina,2020-02-27,,37,,,,
north carolina,2020-02-28,,37,,,,
north carolina,2020-02-29,,37,,,,
north carolina,2020-03-01,,37,,,,
north carolina,2020-03-02,,37,,,,
north carolina,2020-03-03,,37,,,,
north carolina,2020-03-04,0-0-0-0,37,0.0,0.0,0.0,0.0
north carolina,2020-03-05,1-0-0-0,37,1.0,0.0,0.0,0.0
north carolina,2020-03-06,1-0-0-0,37,1.0,0.0,0.0,0.0
north carolina,2020-03-07,2-0-0-0,37,2.0,0.0,0.0,0.0
north carolina,2020-03-08,2-0-0-0,37,2.0,0.0,0.0,0.0
north carolina,2020-03-09,2-0-0-0,37,2.0,0.0,0.0,0.0
north carolina,2020-03-10,2-0-0-0,37,2.0,0.0,0.0,0.0
north carolina,2020-03-11,13-0-0-0,37,13.0,0.0,0.0,0.0
north carolina,2020-03-12,7-0-0-0,37,7.0,0.0,0.0,0.0
north carolina,2020-03-13,15-0-0-0,37,15.0,0.0,0.0,0.0
north dakota,2020-01-21,,38,,,,
north dakota,2020-01-22,,38,,,,
north dakota,2020-01-23,,38,,,,
north dakota,2020-01-24,,38,,,,
north dakota,2020-01-25,,38,,,,
north dakota,2020-01-26,,38,,,,
north dakota,2020-01-27,,38,,,,
north dakota,2020-01-28,,38,,,,
north dakota,2020-01-29,,38,,,,
north dakota,2020-01-30,,38,,,,
north dakota,2020-01-31,,38,,,,
north dakota,2020-02-01,,38,,,,
north dakota,2020-02-02,,38,,,,
north dakota,2020-02-03,,38,,,,
north dakota,2020-02-04,,38,,,,
north dakota,2020-02-05,,38,,,,
north dakota,2020-02-06,,38,,,,
north dakota,2020-02-07,,38,,,,
north dakota,2020-02-08,,38,,,,
north dakota,2020-02-09,,38,,,,
north dakota,2020-02-10,,38,,,,
north dakota,2020-02-11,,38,,,,
north dakota,2020-02-12,,38,,,,
north dakota,2020-02-13,,38,,,,
north dakota,2020-02-14,,38,,,,
north dakota,2020-02-15,,38,,,,
north dakota,2020-02-16,,38,,,,
north dakota,2020-02-17,,38,,,,
north dakota,2020-02-18,,38,,,,
north dakota,2020-02-19,,38,,,,
north dakota,2020-02-20,,38,,,,
north dakota,2020-02-21,,38,,,,
north dakota,2020-02-22,,38,,,,
north dakota,2020-02-23,,38,,,,
north dakota,2020-02-24,,38,,,,
north dakota,2020-02-25,,38,,,,
north dakota,2020-02-26,,38,,,,
north dakota,2020-02-27,,38,,,,
north dakota,2020-02-28,,38,,,,
north dakota,2020-02-29,,38,,,,
north dakota,2020-03-01,,38,,,,
north dakota,2020-03-02,,38,,,,
north dakota,2020-03-03,,38,,,,
north dakota,2020-03-04,,38,,,,
north dakota,2020-03-05,,38,,,,
north dakota,2020-03-06,,38,,,,
north dakota,2020-03-07,,38,,,,
north dakota,2020-03-08,,38,,,,
north dakota,2020-03-09,,38,,,,
north dakota,2020-03-10,,38,,,,
north dakota,2020-03-11,,38,,,,
north dakota,2020-03-12,,38,,,,
north dakota,2020-03-13,1-0-0-0,38,1.0,0.0,0.0,0.0
ohio,2020-01-21,,39,,,,
ohio,2020-01-22,,39,,,,
ohio,2020-01-23,,39,,,,
ohio,2020-01-24,,39,,,,
ohio,2020-01-25,,39,,,,
ohio,2020-01-26,,39,,,,
ohio,2020-01-27,,39,,,,
ohio,2020-01-28,,39,,,,
ohio,2020-01-29,,39,,,,
ohio,2020-01-30,,39,,,,
ohio,2020-01-31,,39,,,,
ohio,2020-02-01,,39,,,,
ohio,2020-02-02,,39,,,,
ohio,2020-02-03,,39,,,,
ohio,2020-02-04,,39,,,,
ohio,2020-02-05,,39,,,,
ohio,2020-02-06,,39,,,,
ohio,2020-02-07,,39,,,,
ohio,2020-02-08,,39,,,,
ohio,2020-02-09,,39,,,,
ohio,2020-02-10,,39,,,,
ohio,2020-02-11,,39,,,,
ohio,2020-02-12,,39,,,,
ohio,2020-02-13,,39,,,,
ohio,2020-02-14,,39,,,,
ohio,2020-02-15,,39,,,,
ohio,2020-02-16,,39,,,,
ohio,2020-02-17,,39,,,,
ohio,2020-02-18,,39,,,,
ohio,2020-02-19,,39,,,,
ohio,2020-02-20,,39,,,,
ohio,2020-02-21,,39,,,,
ohio,2020-02-22,,39,,,,
ohio,2020-02-23,,39,,,,
ohio,2020-02-24,,39,,,,
ohio,2020-02-25,,39,,,,
ohio,2020-02-26,,39,,,,
ohio,2020-02-27,,39,,,,
ohio,2020-02-28,,39,,,,
ohio,2020-02-29,,39,,,,
ohio,2020-03-01,,39,,,,
ohio,2020-03-02,,39,,,,
ohio,2020-03-03,,39,,,,
ohio,2020-03-04,,39,,,,
ohio,2020-03-05,,39,,,,
ohio,2020-03-06,,39,,,,
ohio,2020-03-07,,39,,,,
ohio,2020-03-08,,39,,,,
ohio,2020-03-09,,39,,,,
ohio,2020-03-10,3-0-0-0,39,3.0,0.0,0.0,0.0
ohio,2020-03-11,3-0-0-0,39,3.0,0.0,0.0,0.0
ohio,2020-03-12,4-0-0-0,39,4.0,0.0,0.0,0.0
ohio,2020-03-13,5-0-0-0,39,5.0,0.0,0.0,0.0
oklahoma,2020-01-21,,40,,,,
oklahoma,2020-01-22,,40,,,,
oklahoma,2020-01-23,,40,,,,
oklahoma,2020-01-24,,40,,,,
oklahoma,2020-01-25,,40,,,,
oklahoma,2020-01-26,,40,,,,
oklahoma,2020-01-27,,40,,,,
oklahoma,2020-01-28,,40,,,,
oklahoma,2020-01-29,,40,,,,
oklahoma,2020-01-30,,40,,,,
oklahoma,2020-01-31,,40,,,,
oklahoma,2020-02-01,,40,,,,
oklahoma,2020-02-02,,40,,,,
oklahoma,2020-02-03,,40,,,,
oklahoma,2020-02-04,,40,,,,
oklahoma,2020-02-05,,40,,,,
oklahoma,2020-02-06,,40,,,,
oklahoma,2020-02-07,,40,,,,
oklahoma,2020-02-08,,40,,,,
oklahoma,2020-02-09,,40,,,,
oklahoma,2020-02-10,,40,,,,
oklahoma,2020-02-11,,40,,,,
oklahoma,2020-02-12,,40,,,,
oklahoma,2020-02-13,,40,,,,
oklahoma,2020-02-14,,40,,,,
oklahoma,2020-02-15,,40,,,,
oklahoma,2020-02-16,,40,,,,
oklahoma,2020-02-17,,40,,,,
oklahoma,2020-02-18,,40,,,,
oklahoma,2020-02-19,,40,,,,
oklahoma,2020-02-20,,40,,,,
oklahoma,2020-02-21,,40,,,,
oklahoma,2020-02-22,,40,,,,
oklahoma,2020-02-23,,40,,,,
oklahoma,2020-02-24,,40,,,,
oklahoma,2020-02-25,,40,,,,
oklahoma,2020-02-26,,40,,,,
oklahoma,2020-02-27,,40,,,,
oklahoma,2020-02-28,,40,,,,
oklahoma,2020-02-29,,40,,,,
oklahoma,2020-03-01,,40,,,,
oklahoma,2020-03-02,,40,,,,
oklahoma,2020-03-03,,40,,,,
oklahoma,2020-03-04,,40,,,,
oklahoma,2020-03-05,,40,,,,
oklahoma,2020-03-06,,40,,,,
oklahoma,2020-03-07,,40,,,,
oklahoma,2020-03-08,1-0-0-0,40,1.0,0.0,0.0,0.0
oklahoma,2020-03-09,1-0-0-0,40,1.0,0.0,0.0,0.0
oklahoma,2020-03-10,1-0-0-0,40,1.0,0.0,0.0,0.0
oklahoma,2020-03-11,2-0-0-0,40,2.0,0.0,0.0,0.0
oklahoma,2020-03-12,2-0-0-0,40,2.0,0.0,0.0,0.0
oklahoma,2020-03-13,4-0-0-0,40,4.0,0.0,0.0,0.0
oregon,2020-01-21,,41,,,,
oregon,2020-01-22,,41,,,,
oregon,2020-01-23,,41,,,,
oregon,2020-01-24,,41,,,,
oregon,2020-01-25,,41,,,,
oregon,2020-01-26,,41,,,,
oregon,2020-01-27,,41,,,,
oregon,2020-01-28,,41,,,,
oregon,2020-01-29,,41,,,,
oregon,2020-01-30,,41,,,,
oregon,2020-01-31,,41,,,,
oregon,2020-02-01,,41,,,,
oregon,2020-02-02,,41,,,,
oregon,2020-02-03,,41,,,,
oregon,2020-02-04,,41,,,,
oregon,2020-02-05,,41,,,,
oregon,2020-02-06,,41,,,,
oregon,2020-02-07,,41,,,,
oregon,2020-02-08,,41,,,,
oregon,2020-02-09,,41,,,,
oregon,2020-02-10,,41,,,,
oregon,2020-02-11,,41,,,,
oregon,2020-02-12,,41,,,,
oregon,2020-02-13,,41,,,,
oregon,2020-02-14,,41,,,,
oregon,2020-02-15,,41,,,,
oregon,2020-02-16,,41,,,,
oregon,2020-02-17,,41,,,,
oregon,2020-02-18,,41,,,,
oregon,2020-02-19,,41,,,,
oregon,2020-02-20,,41,,,,
oregon,2020-02-21,,41,,,,
oregon,2020-02-22,,41,,,,
oregon,2020-02-23,,41,,,,
oregon,2020-02-24,,41,,,,
oregon,2020-02-25,,41,,,,
oregon,2020-02-26,,41,,,,
oregon,2020-02-27,,41,,,,
oregon,2020-02-28,,41,,,,
oregon,2020-02-29,1-0-0-0,41,1.0,0.0,0.0,0.0
oregon,2020-03-01,1-0-0-0,41,1.0,0.0,0.0,0.0
oregon,2020-03-02,2-0-0-0,41,2.0,0.0,0.0,0.0
oregon,2020-03-03,3-0-0-0,41,3.0,0.0,0.0,0.0
oregon,2020-03-04,3-0-0-0,41,3.0,0.0,0.0,0.0
oregon,2020-03-05,3-0-0-0,41,3.0,0.0,0.0,0.0
oregon,2020-03-06,3-0-0-0,41,3.0,0.0,0.0,0.0
oregon,2020-03-07,3-0-0-0,41,3.0,0.0,0.0,0.0
oregon,2020-03-08,7-0-0-0,41,7.0,0.0,0.0,0.0
oregon,2020-03-09,14-0-0-0,41,14.0,0.0,0.0,0.0
oregon,2020-03-10,14-0-0-0,41,14.0,0.0,0.0,0.0
oregon,2020-03-11,15-0-0-0,41,15.0,0.0,0.0,0.0
oregon,2020-03-12,19-0-0-0,41,19.0,0.0,0.0,0.0
oregon,2020-03-13,30-0-0-0,41,30.0,0.0,0.0,0.0
pennsylvania,2020-01-21,,42,,,,
pennsylvania,2020-01-22,,42,,,,
pennsylvania,2020-01-23,,42,,,,
pennsylvania,2020-01-24,,42,,,,
pennsylvania,2020-01-25,,42,,,,
pennsylvania,2020-01-26,,42,,,,
pennsylvania,2020-01-27,,42,,,,
pennsylvania,2020-01-28,,42,,,,
pennsylvania,2020-01-29,,42,,,,
pennsylvania,2020-01-30,,42,,,,
pennsylvania,2020-01-31,,42,,,,
pennsylvania,2020-02-01,,42,,,,
pennsylvania,2020-02-02,,42,,,,
pennsylvania,2020-02-03,,42,,,,
pennsylvania,2020-02-04,,42,,,,
pennsylvania,2020-02-05,,42,,,,
pennsylvania,2020-02-06,,42,,,,
pennsylvania,2020-02-07,,42,,,,
pennsylvania,2020-02-08,,42,,,,
pennsylvania,2020-02-09,,42,,,,
pennsylvania,2020-02-10,,42,,,,
pennsylvania,2020-02-11,,42,,,,
pennsylvania,2020-02-12,,42,,,,
pennsylvania,2020-02-13,,42,,,,
pennsylvania,2020-02-14,,42,,,,
pennsylvania,2020-02-15,,42,,,,
pennsylvania,2020-02-16,,42,,,,
pennsylvania,2020-02-17,,42,,,,
pennsylvania,2020-02-18,,42,,,,
pennsylvania,2020-02-19,,42,,,,
pennsylvania,2020-02-20,,42,,,,
pennsylvania,2020-02-21,,42,,,,
pennsylvania,2020-02-22,,42,,,,
pennsylvania,2020-02-23,,42,,,,
pennsylvania,2020-02-24,,42,,,,
pennsylvania,2020-02-25,,42,,,,
pennsylvania,2020-02-26,,42,,,,
pennsylvania,2020-02-27,,42,,,,
pennsylvania,2020-02-28,,42,,,,
pennsylvania,2020-02-29,,42,,,,
pennsylvania,2020-03-01,,42,,,,
pennsylvania,2020-03-02,,42,,,,
pennsylvania,2020-03-03,,42,,,,
pennsylvania,2020-03-04,,42,,,,
pennsylvania,2020-03-05,,42,,,,
pennsylvania,2020-03-06,,42,,,,
pennsylvania,2020-03-07,2-0-0-0,42,2.0,0.0,0.0,0.0
pennsylvania,2020-03-08,4-0-0-0,42,4.0,0.0,0.0,0.0
pennsylvania,2020-03-09,6-0-0-0,42,6.0,0.0,0.0,0.0
pennsylvania,2020-03-10,7-0-0-0,42,7.0,0.0,0.0,0.0
pennsylvania,2020-03-11,12-0-0-0,42,12.0,0.0,0.0,0.0
pennsylvania,2020-03-12,16-0-0-0,42,16.0,0.0,0.0,0.0
pennsylvania,2020-03-13,22-0-0-0,42,22.0,0.0,0.0,0.0
rhode island,2020-01-21,,44,,,,
rhode island,2020-01-22,,44,,,,
rhode island,2020-01-23,,44,,,,
rhode island,2020-01-24,,44,,,,
rhode island,2020-01-25,,44,,,,
rhode island,2020-01-26,,44,,,,
rhode island,2020-01-27,,44,,,,
rhode island,2020-01-28,,44,,,,
rhode island,2020-01-29,,44,,,,
rhode island,2020-01-30,,44,,,,
rhode island,2020-01-31,,44,,,,
rhode island,2020-02-01,,44,,,,
rhode island,2020-02-02,,44,,,,
rhode island,2020-02-03,,44,,,,
rhode island,2020-02-04,,44,,,,
rhode island,2020-02-05,,44,,,,
rhode island,2020-02-06,,44,,,,
rhode island,2020-02-07,,44,,,,
rhode island,2020-02-08,,44,,,,
rhode island,2020-02-09,,44,,,,
rhode island,2020-02-10,,44,,,,
rhode island,2020-02-11,,44,,,,
rhode island,2020-02-12,,44,,,,
rhode island,2020-02-13,,44,,,,
rhode island,2020-02-14,,44,,,,
rhode island,2020-02-15,,44,,,,
rhode island,2020-02-16,,44,,,,
rhode island,2020-02-17,,44,,,,
rhode island,2020-02-18,,44,,,,
rhode island,2020-02-19,,44,,,,
rhode island,2020-02-20,,44,,,,
rhode island,2020-02-21,,44,,,,
rhode island,2020-02-22,,44,,,,
rhode island,2020-02-23,,44,,,,
rhode island,2020-02-24,,44,,,,
rhode island,2020-02-25,,44,,,,
rhode island,2020-02-26,,44,,,,
rhode island,2020-02-27,,44,,,,
rhode island,2020-02-28,,44,,,,
rhode island,2020-02-29,,44,,,,
rhode island,2020-03-01,,44,,,,
rhode island,2020-03-02,,44,,,,
rhode island,2020-03-03,2-0-0-0,44,2.0,0.0,0.0,0.0
rhode island,2020-03-04,2-0-0-0,44,2.0,0.0,0.0,0.0
rhode island,2020-03-05,2-0-0-0,44,2.0,0.0,0.0,0.0
rhode island,2020-03-06,2-0-0-0,44,2.0,0.0,0.0,0.0
rhode island,2020-03-07,2-0-0-0,44,2.0,0.0,0.0,0.0
rhode island,2020-03-08,2-0-0-0,44,2.0,0.0,0.0,0.0
rhode island,2020-03-09,3-0-0-0,44,3.0,0.0,0.0,0.0
rhode island,2020-03-10,3-0-0-0,44,3.0,0.0,0.0,0.0
rhode island,2020-03-11,5-0-0-0,44,5.0,0.0,0.0,0.0
rhode island,2020-03-12,5-0-0-0,44,5.0,0.0,0.0,0.0
rhode island,2020-03-13,5-0-0-0,44,5.0,0.0,0.0,0.0
south carolina,2020-01-21,,45,,,,
south carolina,2020-01-22,,45,,,,
south carolina,2020-01-23,,45,,,,
south carolina,2020-01-24,,45,,,,
south carolina,2020-01-25,,45,,,,
south carolina,2020-01-26,,45,,,,
south carolina,2020-01-27,,45,,,,
south carolina,2020-01-28,,45,,,,
south carolina,2020-01-29,,45,,,,
south carolina,2020-01-30,,45,,,,
south carolina,2020-01-31,,45,,,,
south carolina,2020-02-01,,45,,,,
south carolina,2020-02-02,,45,,,,
south carolina,2020-02-03,,45,,,,
south carolina,2020-02-04,,45,,,,
south carolina,2020-02-05,,45,,,,
south carolina,2020-02-06,,45,,,,
south carolina,2020-02-07,,45,,,,
south carolina,2020-02-08,,45,,,,
south carolina,2020-02-09,,45,,,,
south carolina,2020-02-10,,45,,,,
south carolina,2020-02-11,,45,,,,
south carolina,2020-02-12,,45,,,,
south carolina,2020-02-13,,45,,,,
south carolina,2020-02-14,,45,,,,
south carolina,2020-02-15,,45,,,,
south carolina,2020-02-16,,45,,,,
south carolina,2020-02-17,,45,,,,
south carolina,2020-02-18,,45,,,,
south carolina,2020-02-19,,45,,,,
south carolina,2020-02-20,,45,,,,
south carolina,2020-02-21,,45,,,,
south carolina,2020-02-22,,45,,,,
south carolina,2020-02-23,,45,,,,
south carolina,2020-02-24,,45,,,,
south carolina,2020-02-25,,45,,,,
south carolina,2020-02-26,,45,,,,
south carolina,2020-02-27,,45,,,,
south carolina,2020-02-28,,45,,,,
south carolina,2020-02-29,,45,,,,
south carolina,2020-03-01,,45,,,,
south carolina,2020-03-02,,45,,,,
south carolina,2020-03-03,,45,,,,
south carolina,2020-03-04,,45,,,,
south carolina,2020-03-05,,45,,,,
south carolina,2020-03-06,,45,,,,
south carolina,2020-03-07,,45,,,,
south carolina,2020-03-08,2-0-0-0,45,2.0,0.0,0.0,0.0
south carolina,2020-03-09,6-0-0-0,45,6.0,0.0,0.0,0.0
south carolina,2020-03-10,7-0-0-0,45,7.0,0.0,0.0,0.0
south carolina,2020-03-11,9-0-0-0,45,9.0,0.0,0.0,0.0
south carolina,2020-03-12,9-0-0-0,45,9.0,0.0,0.0,0.0
south carolina,2020-03-13,12-0-0-0,45,12.0,0.0,0.0,0.0
south dakota,2020-01-21,,46,,,,
south dakota,2020-01-22,,46,,,,
south dakota,2020-01-23,,46,,,,
south dakota,2020-01-24,,46,,,,
south dakota,2020-01-25,,46,,,,
south dakota,2020-01-26,,46,,,,
south dakota,2020-01-27,,46,,,,
south dakota,2020-01-28,,46,,,,
south dakota,2020-01-29,,46,,,,
south dakota,2020-01-30,,46,,,,
south dakota,2020-01-31,,46,,,,
south dakota,2020-02-01,,46,,,,
south dakota,2020-02-02,,46,,,,
south dakota,2020-02-03,,46,,,,
south dakota,2020-02-04,,46,,,,
south dakota,2020-02-05,,46,,,,
south dakota,2020-02-06,,46,,,,
south dakota,2020-02-07,,46,,,,
south dakota,2020-02-08,,46,,,,
south dakota,2020-02-09,,46,,,,
south dakota,2020-02-10,,46,,,,
south dakota,2020-02-11,,46,,,,
south dakota,2020-02-12,,46,,,,
south dakota,2020-02-13,,46,,,,
south dakota,2020-02-14,,46,,,,
south dakota,2020-02-15,,46,,,,
south dakota,2020-02-16,,46,,,,
south dakota,2020-02-17,,46,,,,
south dakota,2020-02-18,,46,,,,
south dakota,2020-02-19,,46,,,,
south dakota,2020-02-20,,46,,,,
south dakota,2020-02-21,,46,,,,
south dakota,2020-02-22,,46,,,,
south dakota,2020-02-23,,46,,,,
south dakota,2020-02-24,,46,,,,
south dakota,2020-02-25,,46,,,,
south dakota,2020-02-26,,46,,,,
south dakota,2020-02-27,,46,,,,
south dakota,2020-02-28,,46,,,,
south dakota,2020-02-29,,46,,,,
south dakota,2020-03-01,,46,,,,
south dakota,2020-03-02,,46,,,,
south dakota,2020-03-03,,46,,,,
south dakota,2020-03-04,,46,,,,
south dakota,2020-03-05,,46,,,,
south dakota,2020-03-06,,46,,,,
south dakota,2020-03-07,,46,,,,
south dakota,2020-03-08,,46,,,,
south dakota,2020-03-09,,46,,,,
south dakota,2020-03-10,,46,,,,
south dakota,2020-03-11,5-0-0-0,46,5.0,0.0,0.0,0.0
south dakota,2020-03-12,8-0-0-1,46,8.0,0.0,0.0,1.0
south dakota,2020-03-13,8-0-0-1,46,8.0,0.0,0.0,1.0
tennessee,2020-01-21,,47,,,,
tennessee,2020-01-22,,47,,,,
tennessee,2020-01-23,,47,,,,
tennessee,2020-01-24,,47,,,,
tennessee,2020-01-25,,47,,,,
tennessee,2020-01-26,,47,,,,
tennessee,2020-01-27,,47,,,,
tennessee,2020-01-28,,47,,,,
tennessee,2020-01-29,,47,,,,
tennessee,2020-01-30,,47,,,,
tennessee,2020-01-31,,47,,,,
tennessee,2020-02-01,,47,,,,
tennessee,2020-02-02,,47,,,,
tennessee,2020-02-03,,47,,,,
tennessee,2020-02-04,,47,,,,
tennessee,2020-02-05,,47,,,,
tennessee,2020-02-06,,47,,,,
tennessee,2020-02-07,,47,,,,
tennessee,2020-02-08,,47,,,,
tennessee,2020-02-09,,47,,,,
tennessee,2020-02-10,,47,,,,
tennessee,2020-02-11,,47,,,,
tennessee,2020-02-12,,47,,,,
tennessee,2020-02-13,,47,,,,
tennessee,2020-02-14,,47,,,,
tennessee,2020-02-15,,47,,,,
tennessee,2020-02-16,,47,,,,
tennessee,2020-02-17,,47,,,,
tennessee,2020-02-18,,47,,,,
tennessee,2020-02-19,,47,,,,
tennessee,2020-02-20,,47,,,,
tennessee,2020-02-21,,47,,,,
tennessee,2020-02-22,,47,,,,
tennessee,2020-02-23,,47,,,,
tennessee,2020-02-24,,47,,,,
tennessee,2020-02-25,,47,,,,
tennessee,2020-02-26,,47,,,,
tennessee,2020-02-27,,47,,,,
tennessee,2020-02-28,,47,,,,
tennessee,2020-02-29,,47,,,,
tennessee,2020-03-01,,47,,,,
tennessee,2020-03-02,,47,,,,
tennessee,2020-03-03,,47,,,,
tennessee,2020-03-04,,47,,,,
tennessee,2020-03-05,,47,,,,
tennessee,2020-03-06,1-0-0-0,47,1.0,0.0,0.0,0.0
tennessee,2020-03-07,1-0-0-0,47,1.0,0.0,0.0,0.0
tennessee,2020-03-08,1-0-0-0,47,1.0,0.0,0.0,0.0
tennessee,2020-03-09,3-0-0-0,47,3.0,0.0,0.0,0.0
tennessee,2020-03-10,3-0-0-0,47,3.0,0.0,0.0,0.0
tennessee,2020-03-11,7-0-0-0,47,7.0,0.0,0.0,0.0
tennessee,2020-03-12,9-0-0-0,47,9.0,0.0,0.0,0.0
tennessee,2020-03-13,18-0-0-0,47,18.0,0.0,0.0,0.0
texas,2020-01-21,,48,,,,
texas,2020-01-22,,48,,,,
texas,2020-01-23,,48,,,,
texas,2020-01-24,,48,,,,
texas,2020-01-25,,48,,,,
texas,2020-01-26,,48,,,,
texas,2020-01-27,,48,,,,
texas,2020-01-28,,48,,,,
texas,2020-01-29,,48,,,,
texas,2020-01-30,,48,,,,
texas,2020-01-31,,48,,,,
texas,2020-02-01,,48,,,,
texas,2020-02-02,,48,,,,
texas,2020-02-03,,48,,,,
texas,2020-02-04,,48,,,,
texas,2020-02-05,,48,,,,
texas,2020-02-06,,48,,,,
texas,2020-02-07,,48,,,,
texas,2020-02-08,,48,,,,
texas,2020-02-09,,48,,,,
texas,2020-02-10,,48,,,,
texas,2020-02-11,,48,,,,
texas,2020-02-12,,48,,,,
texas,2020-02-13,,48,,,,
texas,2020-02-14,1-0-0-0,48,1.0,0.0,0.0,0.0
texas,2020-02-15,1-0-0-0,48,1.0,0.0,0.0,0.0
texas,2020-02-16,1-0-0-0,48,1.0,0.0,0.0,0.0
texas,2020-02-17,1-0-0-0,48,1.0,0.0,0.0,0.0
texas,2020-02-18,1-0-0-0,48,1.0,0.0,0.0,0.0
texas,2020-02-19,1-0-0-0,48,1.0,0.0,0.0,0.0
texas,2020-02-20,1-0-0-0,48,1.0,0.0,0.0,0.0
texas,2020-02-21,1-0-0-0,48,1.0,0.0,0.0,0.0
texas,2020-02-22,1-0-0-0,48,1.0,0.0,0.0,0.0
texas,2020-02-23,1-0-0-0,48,1.0,0.0,0.0,0.0
texas,2020-02-24,1-0-0-0,48,1.0,0.0,0.0,0.0
texas,2020-02-25,1-0-0-0,48,1.0,0.0,0.0,0.0
texas,2020-02-26,1-0-0-0,48,1.0,0.0,0.0,0.0
texas,2020-02-27,1-0-0-0,48,1.0,0.0,0.0,0.0
texas,2020-02-28,1-0-0-0,48,1.0,0.0,0.0,0.0
texas,2020-02-29,1-0-0-0,48,1.0,0.0,0.0,0.0
texas,2020-03-01,1-0-0-0,48,1.0,0.0,0.0,0.0
texas,2020-03-02,1-0-0-0,48,1.0,0.0,0.0,0.0
texas,2020-03-03,1-0-0-0,48,1.0,0.0,0.0,0.0
texas,2020-03-04,1-0-0-0,48,1.0,0.0,0.0,0.0
texas,2020-03-05,1-0-0-0,48,1.0,0.0,0.0,0.0
texas,2020-03-06,12-0-0-0,48,12.0,0.0,0.0,0.0
texas,2020-03-07,17-0-0-0,48,17.0,0.0,0.0,0.0
texas,2020-03-08,19-0-0-0,48,19.0,0.0,0.0,0.0
texas,2020-03-09,23-0-0-0,48,23.0,0.0,0.0,0.0
texas,2020-03-10,24-0-0-0,48,24.0,0.0,0.0,0.0
texas,2020-03-11,29-0-0-0,48,29.0,0.0,0.0,0.0
texas,2020-03-12,33-0-0-0,48,33.0,0.0,0.0,0.0
texas,2020-03-13,42-0-0-0,48,42.0,0.0,0.0,0.0
utah,2020-01-21,,49,,,,
utah,2020-01-22,,49,,,,
utah,2020-01-23,,49,,,,
utah,2020-01-24,,49,,,,
utah,2020-01-25,,49,,,,
utah,2020-01-26,,49,,,,
utah,2020-01-27,,49,,,,
utah,2020-01-28,,49,,,,
utah,2020-01-29,,49,,,,
utah,2020-01-30,,49,,,,
utah,2020-01-31,,49,,,,
utah,2020-02-01,,49,,,,
utah,2020-02-02,,49,,,,
utah,2020-02-03,,49,,,,
utah,2020-02-04,,49,,,,
utah,2020-02-05,,49,,,,
utah,2020-02-06,,49,,,,
utah,2020-02-07,,49,,,,
utah,2020-02-08,,49,,,,
utah,2020-02-09,,49,,,,
utah,2020-02-10,,49,,,,
utah,2020-02-11,,49,,,,
utah,2020-02-12,,49,,,,
utah,2020-02-13,,49,,,,
utah,2020-02-14,,49,,,,
utah,2020-02-15,,49,,,,
utah,2020-02-16,,49,,,,
utah,2020-02-17,,49,,,,
utah,2020-02-18,,49,,,,
utah,2020-02-19,,49,,,,
utah,2020-02-20,,49,,,,
utah,2020-02-21,,49,,,,
utah,2020-02-22,,49,,,,
utah,2020-02-23,,49,,,,
utah,2020-02-24,,49,,,,
utah,2020-02-25,,49,,,,
utah,2020-02-26,,49,,,,
utah,2020-02-27,,49,,,,
utah,2020-02-28,,49,,,,
utah,2020-02-29,,49,,,,
utah,2020-03-01,,49,,,,
utah,2020-03-02,,49,,,,
utah,2020-03-03,,49,,,,
utah,2020-03-04,,49,,,,
utah,2020-03-05,,49,,,,
utah,2020-03-06,1-0-0-0,49,1.0,0.0,0.0,0.0
utah,2020-03-07,1-0-0-0,49,1.0,0.0,0.0,0.0
utah,2020-03-08,2-0-0-0,49,2.0,0.0,0.0,0.0
utah,2020-03-09,2-0-0-0,49,2.0,0.0,0.0,0.0
utah,2020-03-10,2-0-0-0,49,2.0,0.0,0.0,0.0
utah,2020-03-11,2-0-0-0,49,2.0,0.0,0.0,0.0
utah,2020-03-12,3-0-0-0,49,3.0,0.0,0.0,0.0
utah,2020-03-13,3-0-0-0,49,3.0,0.0,0.0,0.0
vermont,2020-01-21,,50,,,,
vermont,2020-01-22,,50,,,,
vermont,2020-01-23,,50,,,,
vermont,2020-01-24,,50,,,,
vermont,2020-01-25,,50,,,,
vermont,2020-01-26,,50,,,,
vermont,2020-01-27,,50,,,,
vermont,2020-01-28,,50,,,,
vermont,2020-01-29,,50,,,,
vermont,2020-01-30,,50,,,,
vermont,2020-01-31,,50,,,,
vermont,2020-02-01,,50,,,,
vermont,2020-02-02,,50,,,,
vermont,2020-02-03,,50,,,,
vermont,2020-02-04,,50,,,,
vermont,2020-02-05,,50,,,,
vermont,2020-02-06,,50,,,,
vermont,2020-02-07,,50,,,,
vermont,2020-02-08,,50,,,,
vermont,2020-02-09,,50,,,,
vermont,2020-02-10,,50,,,,
vermont,2020-02-11,,50,,,,
vermont,2020-02-12,,50,,,,
vermont,2020-02-13,,50,,,,
vermont,2020-02-14,,50,,,,
vermont,2020-02-15,,50,,,,
vermont,2020-02-16,,50,,,,
vermont,2020-02-17,,50,,,,
vermont,2020-02-18,,50,,,,
vermont,2020-02-19,,50,,,,
vermont,2020-02-20,,50,,,,
vermont,2020-02-21,,50,,,,
vermont,2020-02-22,,50,,,,
vermont,2020-02-23,,50,,,,
vermont,2020-02-24,,50,,,,
vermont,2020-02-25,,50,,,,
vermont,2020-02-26,,50,,,,
vermont,2020-02-27,,50,,,,
vermont,2020-02-28,,50,,,,
vermont,2020-02-29,,50,,,,
vermont,2020-03-01,,50,,,,
vermont,2020-03-02,,50,,,,
vermont,2020-03-03,,50,,,,
vermont,2020-03-04,,50,,,,
vermont,2020-03-05,,50,,,,
vermont,2020-03-06,,50,,,,
vermont,2020-03-07,,50,,,,
vermont,2020-03-08,1-0-0-0,50,1.0,0.0,0.0,0.0
vermont,2020-03-09,1-0-0-0,50,1.0,0.0,0.0,0.0
vermont,2020-03-10,1-0-0-0,50,1.0,0.0,0.0,0.0
vermont,2020-03-11,1-0-0-0,50,1.0,0.0,0.0,0.0
vermont,2020-03-12,1-0-0-0,50,1.0,0.0,0.0,0.0
vermont,2020-03-13,2-0-0-0,50,2.0,0.0,0.0,0.0
virginia,2020-01-21,,51,,,,
virginia,2020-01-22,,51,,,,
virginia,2020-01-23,,51,,,,
virginia,2020-01-24,,51,,,,
virginia,2020-01-25,,51,,,,
virginia,2020-01-26,,51,,,,
virginia,2020-01-27,,51,,,,
virginia,2020-01-28,,51,,,,
virginia,2020-01-29,,51,,,,
virginia,2020-01-30,,51,,,,
virginia,2020-01-31,,51,,,,
virginia,2020-02-01,,51,,,,
virginia,2020-02-02,,51,,,,
virginia,2020-02-03,,51,,,,
virginia,2020-02-04,,51,,,,
virginia,2020-02-05,,51,,,,
virginia,2020-02-06,,51,,,,
virginia,2020-02-07,,51,,,,
virginia,2020-02-08,,51,,,,
virginia,2020-02-09,,51,,,,
virginia,2020-02-10,,51,,,,
virginia,2020-02-11,,51,,,,
virginia,2020-02-12,,51,,,,
virginia,2020-02-13,,51,,,,
virginia,2020-02-14,,51,,,,
virginia,2020-02-15,,51,,,,
virginia,2020-02-16,,51,,,,
virginia,2020-02-17,,51,,,,
virginia,2020-02-18,,51,,,,
virginia,2020-02-19,,51,,,,
virginia,2020-02-20,,51,,,,
virginia,2020-02-21,,51,,,,
virginia,2020-02-22,,51,,,,
virginia,2020-02-23,,51,,,,
virginia,2020-02-24,,51,,,,
virginia,2020-02-25,,51,,,,
virginia,2020-02-26,,51,,,,
virginia,2020-02-27,,51,,,,
virginia,2020-02-28,,51,,,,
virginia,2020-02-29,,51,,,,
virginia,2020-03-01,,51,,,,
virginia,2020-03-02,,51,,,,
virginia,2020-03-03,,51,,,,
virginia,2020-03-04,,51,,,,
virginia,2020-03-05,,51,,,,
virginia,2020-03-06,,51,,,,
virginia,2020-03-07,,51,,,,
virginia,2020-03-08,1-0-0-0,51,1.0,0.0,0.0,0.0
virginia,2020-03-09,2-0-0-0,51,2.0,0.0,0.0,0.0
virginia,2020-03-10,2-0-0-0,51,2.0,0.0,0.0,0.0
virginia,2020-03-11,8-0-0-0,51,8.0,0.0,0.0,0.0
virginia,2020-03-12,9-0-0-0,51,9.0,0.0,0.0,0.0
virginia,2020-03-13,17-0-0-0,51,17.0,0.0,0.0,0.0
washington,2020-01-21,1,53,1.0,,,
washington,2020-01-22,1,53,1.0,,,
washington,2020-01-23,1,53,1.0,,,
washington,2020-01-24,1,53,1.0,,,
washington,2020-01-25,1,53,1.0,,,
washington,2020-01-26,1,53,1.0,,,
washington,2020-01-27,1,53,1.0,,,
washington,2020-01-28,1-0-0-0,53,1.0,0.0,0.0,0.0
washington,2020-01-29,1-0-0-0,53,1.0,0.0,0.0,0.0
washington,2020-01-30,1-0-0-0,53,1.0,0.0,0.0,0.0
washington,2020-01-31,1-0-0-0,53,1.0,0.0,0.0,0.0
washington,2020-02-01,1-0-0-0,53,1.0,0.0,0.0,0.0
washington,2020-02-02,1-0-0-0,53,1.0,0.0,0.0,0.0
washington,2020-02-03,1-0-0-0,53,1.0,0.0,0.0,0.0
washington,2020-02-04,1-0-1-0,53,1.0,0.0,1.0,0.0
washington,2020-02-05,1-0-1-0,53,1.0,0.0,1.0,0.0
washington,2020-02-06,1-0-1-0,53,1.0,0.0,1.0,0.0
washington,2020-02-07,1-0-1-0,53,1.0,0.0,1.0,0.0
washington,2020-02-08,1-0-1-0,53,1.0,0.0,1.0,0.0
washington,2020-02-09,1-0-1-0,53,1.0,0.0,1.0,0.0
washington,2020-02-10,1-0-1-0,53,1.0,0.0,1.0,0.0
washington,2020-02-11,1-0-1-0,53,1.0,0.0,1.0,0.0
washington,2020-02-12,1-0-1-0,53,1.0,0.0,1.0,0.0
washington,2020-02-13,1-0-1-0,53,1.0,0.0,1.0,0.0
washington,2020-02-14,1-0-1-0,53,1.0,0.0,1.0,0.0
washington,2020-02-15,1-0-1-0,53,1.0,0.0,1.0,0.0
washington,2020-02-16,1-0-1-0,53,1.0,0.0,1.0,0.0
washington,2020-02-17,1-0-1-0,53,1.0,0.0,1.0,0.0
washington,2020-02-18,1-0-1-0,53,1.0,0.0,1.0,0.0
washington,2020-02-19,1-0-1-0,53,1.0,0.0,1.0,0.0
washington,2020-02-20,1-0-1-0,53,1.0,0.0,1.0,0.0
washington,2020-02-21,1-0-1-0,53,1.0,0.0,1.0,0.0
washington,2020-02-22,1-0-1-0,53,1.0,0.0,1.0,0.0
washington,2020-02-23,1-0-1-0,53,1.0,0.0,1.0,0.0
washington,2020-02-24,1-0-1-0,53,1.0,0.0,1.0,0.0
washington,2020-02-25,1-0-1-0,53,1.0,0.0,1.0,0.0
washington,2020-02-26,1-0-1-0,53,1.0,0.0,1.0,0.0
washington,2020-02-27,1-0-1-0,53,1.0,0.0,1.0,0.0
washington,2020-02-28,1-0-1-0,53,1.0,0.0,1.0,0.0
washington,2020-02-29,3-0-1-1,53,3.0,0.0,1.0,1.0
washington,2020-03-01,3-0-1-1,53,3.0,0.0,1.0,1.0
washington,2020-03-02,8-0-1-2,53,8.0,0.0,1.0,2.0
washington,2020-03-03,17-0-1-6,53,17.0,0.0,1.0,6.0
washington,2020-03-04,24-0-1-7,53,24.0,0.0,1.0,7.0
washington,2020-03-05,24-0-1-7,53,24.0,0.0,1.0,7.0
washington,2020-03-06,74-0-1-11,53,74.0,0.0,1.0,11.0
washington,2020-03-07,83-0-1-13,53,83.0,0.0,1.0,13.0
washington,2020-03-08,108-0-1-16,53,108.0,0.0,1.0,16.0
washington,2020-03-09,140-0-1-19,53,140.0,0.0,1.0,19.0
washington,2020-03-10,166-0-1-22,53,166.0,0.0,1.0,22.0
washington,2020-03-11,271-0-1-24,53,271.0,0.0,1.0,24.0
washington,2020-03-12,370-0-1-29,53,370.0,0.0,1.0,29.0
washington,2020-03-13,457-0-1-31,53,457.0,0.0,1.0,31.0
west virginia,2020-01-21,,54,,,,
west virginia,2020-01-22,,54,,,,
west virginia,2020-01-23,,54,,,,
west virginia,2020-01-24,,54,,,,
west virginia,2020-01-25,,54,,,,
west virginia,2020-01-26,,54,,,,
west virginia,2020-01-27,,54,,,,
west virginia,2020-01-28,,54,,,,
west virginia,2020-01-29,,54,,,,
west virginia,2020-01-30,,54,,,,
west virginia,2020-01-31,,54,,,,
west virginia,2020-02-01,,54,,,,
west virginia,2020-02-02,,54,,,,
west virginia,2020-02-03,,54,,,,
west virginia,2020-02-04,,54,,,,
west virginia,2020-02-05,,54,,,,
west virginia,2020-02-06,,54,,,,
west virginia,2020-02-07,,54,,,,
west virginia,2020-02-08,,54,,,,
west virginia,2020-02-09,,54,,,,
west virginia,2020-02-10,,54,,,,
west virginia,2020-02-11,,54,,,,
west virginia,2020-02-12,,54,,,,
west virginia,2020-02-13,,54,,,,
west virginia,2020-02-14,,54,,,,
west virginia,2020-02-15,,54,,,,
west virginia,2020-02-16,,54,,,,
west virginia,2020-02-17,,54,,,,
west virginia,2020-02-18,,54,,,,
west virginia,2020-02-19,,54,,,,
west virginia,2020-02-20,,54,,,,
west virginia,2020-02-21,,54,,,,
west virginia,2020-02-22,,54,,,,
west virginia,2020-02-23,,54,,,,
west virginia,2020-02-24,,54,,,,
west virginia,2020-02-25,,54,,,,
west virginia,2020-02-26,,54,,,,
west virginia,2020-02-27,,54,,,,
west virginia,2020-02-28,,54,,,,
west virginia,2020-02-29,,54,,,,
west virginia,2020-03-01,,54,,,,
west virginia,2020-03-02,,54,,,,
west virginia,2020-03-03,,54,,,,
west virginia,2020-03-04,,54,,,,
west virginia,2020-03-05,,54,,,,
west virginia,2020-03-06,,54,,,,
west virginia,2020-03-07,,54,,,,
west virginia,2020-03-08,,54,,,,
west virginia,2020-03-09,,54,,,,
west virginia,2020-03-10,,54,,,,
west virginia,2020-03-11,,54,,,,
west virginia,2020-03-12,,54,,,,
west virginia,2020-03-13,,54,,,,
wisconsin,2020-01-21,,55,,,,
wisconsin,2020-01-22,,55,,,,
wisconsin,2020-01-23,,55,,,,
wisconsin,2020-01-24,,55,,,,
wisconsin,2020-01-25,,55,,,,
wisconsin,2020-01-26,,55,,,,
wisconsin,2020-01-27,,55,,,,
wisconsin,2020-01-28,,55,,,,
wisconsin,2020-01-29,,55,,,,
wisconsin,2020-01-30,,55,,,,
wisconsin,2020-01-31,,55,,,,
wisconsin,2020-02-01,,55,,,,
wisconsin,2020-02-02,,55,,,,
wisconsin,2020-02-03,,55,,,,
wisconsin,2020-02-04,,55,,,,
wisconsin,2020-02-05,1-0-0-0,55,1.0,0.0,0.0,0.0
wisconsin,2020-02-06,1-0-0-0,55,1.0,0.0,0.0,0.0
wisconsin,2020-02-07,1-0-0-0,55,1.0,0.0,0.0,0.0
wisconsin,2020-02-08,1-0-0-0,55,1.0,0.0,0.0,0.0
wisconsin,2020-02-09,1-0-0-0,55,1.0,0.0,0.0,0.0
wisconsin,2020-02-10,1-0-0-0,55,1.0,0.0,0.0,0.0
wisconsin,2020-02-11,1-0-0-0,55,1.0,0.0,0.0,0.0
wisconsin,2020-02-12,1-0-0-0,55,1.0,0.0,0.0,0.0
wisconsin,2020-02-13,1-0-0-0,55,1.0,0.0,0.0,0.0
wisconsin,2020-02-14,1-0-0-0,55,1.0,0.0,0.0,0.0
wisconsin,2020-02-15,1-0-0-0,55,1.0,0.0,0.0,0.0
wisconsin,2020-02-16,1-0-0-0,55,1.0,0.0,0.0,0.0
wisconsin,2020-02-17,1-0-0-0,55,1.0,0.0,0.0,0.0
wisconsin,2020-02-18,1-0-0-0,55,1.0,0.0,0.0,0.0
wisconsin,2020-02-19,1-0-0-0,55,1.0,0.0,0.0,0.0
wisconsin,2020-02-20,1-0-0-0,55,1.0,0.0,0.0,0.0
wisconsin,2020-02-21,1-0-0-0,55,1.0,0.0,0.0,0.0
wisconsin,2020-02-22,1-0-0-0,55,1.0,0.0,0.0,0.0
wisconsin,2020-02-23,1-0-0-0,55,1.0,0.0,0.0,0.0
wisconsin,2020-02-24,1-0-0-0,55,1.0,0.0,0.0,0.0
wisconsin,2020-02-25,1-0-0-0,55,1.0,0.0,0.0,0.0
wisconsin,2020-02-26,1-0-0-0,55,1.0,0.0,0.0,0.0
wisconsin,2020-02-27,1-0-0-0,55,1.0,0.0,0.0,0.0
wisconsin,2020-02-28,1-0-0-0,55,1.0,0.0,0.0,0.0
wisconsin,2020-02-29,1-0-0-0,55,1.0,0.0,0.0,0.0
wisconsin,2020-03-01,1-0-0-0,55,1.0,0.0,0.0,0.0
wisconsin,2020-03-02,1-0-0-0,55,1.0,0.0,0.0,0.0
wisconsin,2020-03-03,1-0-0-0,55,1.0,0.0,0.0,0.0
wisconsin,2020-03-04,1-0-0-0,55,1.0,0.0,0.0,0.0
wisconsin,2020-03-05,1-0-0-0,55,1.0,0.0,0.0,0.0
wisconsin,2020-03-06,1-0-1-0,55,1.0,0.0,1.0,0.0
wisconsin,2020-03-07,1-0-1-0,55,1.0,0.0,1.0,0.0
wisconsin,2020-03-08,1-0-1-0,55,1.0,0.0,1.0,0.0
wisconsin,2020-03-09,1-0-1-0,55,1.0,0.0,1.0,0.0
wisconsin,2020-03-10,1-0-1-0,55,1.0,0.0,1.0,0.0
wisconsin,2020-03-11,3-0-1-0,55,3.0,0.0,1.0,0.0
wisconsin,2020-03-12,3-0-1-0,55,3.0,0.0,1.0,0.0
wisconsin,2020-03-13,8-0-1-0,55,8.0,0.0,1.0,0.0
wyoming,2020-01-21,,56,,,,
wyoming,2020-01-22,,56,,,,
wyoming,2020-01-23,,56,,,,
wyoming,2020-01-24,,56,,,,
wyoming,2020-01-25,,56,,,,
wyoming,2020-01-26,,56,,,,
wyoming,2020-01-27,,56,,,,
wyoming,2020-01-28,,56,,,,
wyoming,2020-01-29,,56,,,,
wyoming,2020-01-30,,56,,,,
wyoming,2020-01-31,,56,,,,
wyoming,2020-02-01,,56,,,,
wyoming,2020-02-02,,56,,,,
wyoming,2020-02-03,,56,,,,
wyoming,2020-02-04,,56,,,,
wyoming,2020-02-05,,56,,,,
wyoming,2020-02-06,,56,,,,
wyoming,2020-02-07,,56,,,,
wyoming,2020-02-08,,56,,,,
wyoming,2020-02-09,,56,,,,
wyoming,2020-02-10,,56,,,,
wyoming,2020-02-11,,56,,,,
wyoming,2020-02-12,,56,,,,
wyoming,2020-02-13,,56,,,,
wyoming,2020-02-14,,56,,,,
wyoming,2020-02-15,,56,,,,
wyoming,2020-02-16,,56,,,,
wyoming,2020-02-17,,56,,,,
wyoming,2020-02-18,,56,,,,
wyoming,2020-02-19,,56,,,,
wyoming,2020-02-20,,56,,,,
wyoming,2020-02-21,,56,,,,
wyoming,2020-02-22,,56,,,,
wyoming,2020-02-23,,56,,,,
wyoming,2020-02-24,,56,,,,
wyoming,2020-02-25,,56,,,,
wyoming,2020-02-26,,56,,,,
wyoming,2020-02-27,,56,,,,
wyoming,2020-02-28,,56,,,,
wyoming,2020-02-29,,56,,,,
wyoming,2020-03-01,,56,,,,
wyoming,2020-03-02,,56,,,,
wyoming,2020-03-03,,56,,,,
wyoming,2020-03-04,,56,,,,
wyoming,2020-03-05,,56,,,,
wyoming,2020-03-06,,56,,,,
wyoming,2020-03-07,,56,,,,
wyoming,2020-03-08,,56,,,,
wyoming,2020-03-09,,56,,,,
wyoming,2020-03-10,,56,,,,
wyoming,2020-03-11,,56,,,,
wyoming,2020-03-12,,56,,,,
wyoming,2020-03-13,1-0-0-0,56,1.0,0.0,0.0,0.0
